client_id,cutoff_date,target_next_recurring_merchant
U000000,2025-10-01,music
U000001,2025-10-01,insurance
U000002,2025-10-01,none
U000003,2025-10-01,gym
U000004,2025-10-01,software
U000005,2025-10-01,none
U000006,2025-10-01,music
U000007,2025-10-01,streaming
U000008,2025-10-01,cloud
U000009,2025-10-01,cloud
U000010,2025-10-01,music
U000011,2025-10-01,insurance
U000012,2025-10-01,music
U000013,2025-10-01,cloud
U000014,2025-10-01,software
U000015,2025-10-01,cloud
U000016,2025-10-01,gym
U000017,2025-10-01,none
U000018,2025-10-01,insurance
U000019,2025-10-01,music
U000020,2025-10-01,none
U000021,2025-10-01,none
U000022,2025-10-01,music
U000023,2025-10-01,streaming
U000024,2025-10-01,music
U000025,2025-10-01,cloud
U000026,2025-10-01,insurance
U000027,2025-10-01,none
U000028,2025-10-01,streaming
U000029,2025-10-01,none
U000030,2025-10-01,none
U000031,2025-10-01,mobile
U000032,2025-10-01,insurance
U000033,2025-10-01,insurance
U000034,2025-10-01,software
U000035,2025-10-01,software
U000036,2025-10-01,cloud
U000037,2025-10-01,music
U000038,2025-10-01,software
U000039,2025-10-01,streaming
U000040,2025-10-01,music
U000041,2025-10-01,none
U000042,2025-10-01,mobile
U000043,2025-10-01,mobile
U000044,2025-10-01,gym
U000045,2025-10-01,none
U000046,2025-10-01,gym
U000047,2025-10-01,none
U000048,2025-10-01,none
U000049,2025-10-01,none
U000050,2025-10-01,insurance
U000051,2025-10-01,mobile
U000052,2025-10-01,software
U000053,2025-10-01,insurance
U000054,2025-10-01,none
U000055,2025-10-01,none
U000056,2025-10-01,software
U000057,2025-10-01,streaming
U000058,2025-10-01,none
U000059,2025-10-01,none
U000060,2025-10-01,cloud
U000061,2025-10-01,streaming
U000062,2025-10-01,none
U000063,2025-10-01,streaming
U000064,2025-10-01,none
U000065,2025-10-01,none
U000066,2025-10-01,gym
U000067,2025-10-01,cloud
U000068,2025-10-01,none
U000069,2025-10-01,software
U000070,2025-10-01,none
U000071,2025-10-01,none
U000072,2025-10-01,none
U000073,2025-10-01,cloud
U000074,2025-10-01,streaming
U000075,2025-10-01,software
U000076,2025-10-01,mobile
U000077,2025-10-01,software
U000078,2025-10-01,none
U000079,2025-10-01,insurance
U000080,2025-10-01,insurance
U000081,2025-10-01,insurance
U000082,2025-10-01,none
U000083,2025-10-01,none
U000084,2025-10-01,none
U000085,2025-10-01,none
U000086,2025-10-01,insurance
U000087,2025-10-01,cloud
U000088,2025-10-01,mobile
U000089,2025-10-01,music
U000090,2025-10-01,music
U000091,2025-10-01,mobile
U000092,2025-10-01,streaming
U000093,2025-10-01,gym
U000094,2025-10-01,music
U000095,2025-10-01,none
U000096,2025-10-01,none
U000097,2025-10-01,mobile
U000098,2025-10-01,cloud
U000099,2025-10-01,cloud
U000100,2025-10-01,gym
U000101,2025-10-01,none
U000102,2025-10-01,none
U000103,2025-10-01,gym
U000104,2025-10-01,streaming
U000105,2025-10-01,music
U000106,2025-10-01,none
U000107,2025-10-01,none
U000108,2025-10-01,none
U000109,2025-10-01,none
U000110,2025-10-01,none
U000111,2025-10-01,none
U000112,2025-10-01,gym
U000113,2025-10-01,mobile
U000114,2025-10-01,cloud
U000115,2025-10-01,gym
U000116,2025-10-01,none
U000117,2025-10-01,none
U000118,2025-10-01,mobile
U000119,2025-10-01,none
U000120,2025-10-01,mobile
U000121,2025-10-01,software
U000122,2025-10-01,gym
U000123,2025-10-01,none
U000124,2025-10-01,gym
U000125,2025-10-01,gym
U000126,2025-10-01,streaming
U000127,2025-10-01,none
U000128,2025-10-01,mobile
U000129,2025-10-01,music
U000130,2025-10-01,gym
U000131,2025-10-01,none
U000132,2025-10-01,insurance
U000133,2025-10-01,none
U000134,2025-10-01,none
U000135,2025-10-01,gym
U000136,2025-10-01,music
U000137,2025-10-01,gym
U000138,2025-10-01,none
U000139,2025-10-01,streaming
U000140,2025-10-01,none
U000141,2025-10-01,software
U000142,2025-10-01,none
U000143,2025-10-01,none
U000144,2025-10-01,software
U000145,2025-10-01,none
U000146,2025-10-01,cloud
U000147,2025-10-01,streaming
U000148,2025-10-01,software
U000149,2025-10-01,music
U000150,2025-10-01,music
U000151,2025-10-01,insurance
U000152,2025-10-01,none
U000153,2025-10-01,none
U000154,2025-10-01,music
U000155,2025-10-01,none
U000156,2025-10-01,insurance
U000157,2025-10-01,software
U000158,2025-10-01,none
U000159,2025-10-01,software
U000160,2025-10-01,insurance
U000161,2025-10-01,gym
U000162,2025-10-01,none
U000163,2025-10-01,none
U000164,2025-10-01,software
U000165,2025-10-01,cloud
U000166,2025-10-01,none
U000167,2025-10-01,gym
U000168,2025-10-01,mobile
U000169,2025-10-01,none
U000170,2025-10-01,none
U000171,2025-10-01,none
U000172,2025-10-01,software
U000173,2025-10-01,none
U000174,2025-10-01,none
U000175,2025-10-01,music
U000176,2025-10-01,streaming
U000177,2025-10-01,none
U000178,2025-10-01,software
U000179,2025-10-01,insurance
U000180,2025-10-01,cloud
U000181,2025-10-01,gym
U000182,2025-10-01,none
U000183,2025-10-01,software
U000184,2025-10-01,streaming
U000185,2025-10-01,none
U000186,2025-10-01,music
U000187,2025-10-01,none
U000188,2025-10-01,cloud
U000189,2025-10-01,none
U000190,2025-10-01,none
U000191,2025-10-01,cloud
U000192,2025-10-01,none
U000193,2025-10-01,mobile
U000194,2025-10-01,none
U000195,2025-10-01,music
U000196,2025-10-01,insurance
U000197,2025-10-01,none
U000198,2025-10-01,none
U000199,2025-10-01,software
U000200,2025-10-01,music
U000201,2025-10-01,mobile
U000202,2025-10-01,music
U000203,2025-10-01,streaming
U000204,2025-10-01,software
U000205,2025-10-01,music
U000206,2025-10-01,none
U000207,2025-10-01,insurance
U000208,2025-10-01,none
U000209,2025-10-01,gym
U000210,2025-10-01,mobile
U000211,2025-10-01,insurance
U000212,2025-10-01,none
U000213,2025-10-01,software
U000214,2025-10-01,none
U000215,2025-10-01,none
U000216,2025-10-01,none
U000217,2025-10-01,mobile
U000218,2025-10-01,music
U000219,2025-10-01,cloud
U000220,2025-10-01,insurance
U000221,2025-10-01,music
U000222,2025-10-01,insurance
U000223,2025-10-01,none
U000224,2025-10-01,software
U000225,2025-10-01,software
U000226,2025-10-01,none
U000227,2025-10-01,insurance
U000228,2025-10-01,music
U000229,2025-10-01,none
U000230,2025-10-01,software
U000231,2025-10-01,cloud
U000232,2025-10-01,none
U000233,2025-10-01,none
U000234,2025-10-01,insurance
U000235,2025-10-01,cloud
U000236,2025-10-01,cloud
U000237,2025-10-01,music
U000238,2025-10-01,gym
U000239,2025-10-01,none
U000240,2025-10-01,insurance
U000241,2025-10-01,none
U000242,2025-10-01,mobile
U000243,2025-10-01,music
U000244,2025-10-01,none
U000245,2025-10-01,cloud
U000246,2025-10-01,insurance
U000247,2025-10-01,none
U000248,2025-10-01,none
U000249,2025-10-01,music
U000250,2025-10-01,streaming
U000251,2025-10-01,gym
U000252,2025-10-01,gym
U000253,2025-10-01,streaming
U000254,2025-10-01,none
U000255,2025-10-01,mobile
U000256,2025-10-01,none
U000257,2025-10-01,none
U000258,2025-10-01,gym
U000259,2025-10-01,none
U000260,2025-10-01,none
U000261,2025-10-01,none
U000262,2025-10-01,streaming
U000263,2025-10-01,streaming
U000264,2025-10-01,streaming
U000265,2025-10-01,music
U000266,2025-10-01,streaming
U000267,2025-10-01,streaming
U000268,2025-10-01,software
U000269,2025-10-01,none
U000270,2025-10-01,streaming
U000271,2025-10-01,gym
U000272,2025-10-01,none
U000273,2025-10-01,none
U000274,2025-10-01,software
U000275,2025-10-01,insurance
U000276,2025-10-01,none
U000277,2025-10-01,music
U000278,2025-10-01,mobile
U000279,2025-10-01,software
U000280,2025-10-01,gym
U000281,2025-10-01,cloud
U000282,2025-10-01,music
U000283,2025-10-01,music
U000284,2025-10-01,none
U000285,2025-10-01,mobile
U000286,2025-10-01,cloud
U000287,2025-10-01,mobile
U000288,2025-10-01,none
U000289,2025-10-01,streaming
U000290,2025-10-01,mobile
U000291,2025-10-01,streaming
U000292,2025-10-01,none
U000293,2025-10-01,mobile
U000294,2025-10-01,insurance
U000295,2025-10-01,cloud
U000296,2025-10-01,streaming
U000297,2025-10-01,music
U000298,2025-10-01,none
U000299,2025-10-01,software
U000300,2025-10-01,insurance
U000301,2025-10-01,insurance
U000302,2025-10-01,music
U000303,2025-10-01,streaming
U000304,2025-10-01,insurance
U000305,2025-10-01,none
U000306,2025-10-01,none
U000307,2025-10-01,mobile
U000308,2025-10-01,music
U000309,2025-10-01,gym
U000310,2025-10-01,mobile
U000311,2025-10-01,none
U000312,2025-10-01,mobile
U000313,2025-10-01,insurance
U000314,2025-10-01,none
U000315,2025-10-01,cloud
U000316,2025-10-01,software
U000317,2025-10-01,music
U000318,2025-10-01,insurance
U000319,2025-10-01,software
U000320,2025-10-01,gym
U000321,2025-10-01,insurance
U000322,2025-10-01,software
U000323,2025-10-01,insurance
U000324,2025-10-01,mobile
U000325,2025-10-01,mobile
U000326,2025-10-01,cloud
U000327,2025-10-01,cloud
U000328,2025-10-01,cloud
U000329,2025-10-01,none
U000330,2025-10-01,none
U000331,2025-10-01,none
U000332,2025-10-01,music
U000333,2025-10-01,none
U000334,2025-10-01,mobile
U000335,2025-10-01,cloud
U000336,2025-10-01,streaming
U000337,2025-10-01,streaming
U000338,2025-10-01,gym
U000339,2025-10-01,insurance
U000340,2025-10-01,none
U000341,2025-10-01,streaming
U000342,2025-10-01,none
U000343,2025-10-01,gym
U000344,2025-10-01,none
U000345,2025-10-01,cloud
U000346,2025-10-01,cloud
U000347,2025-10-01,insurance
U000348,2025-10-01,software
U000349,2025-10-01,streaming
U000350,2025-10-01,none
U000351,2025-10-01,none
U000352,2025-10-01,none
U000353,2025-10-01,mobile
U000354,2025-10-01,mobile
U000355,2025-10-01,none
U000356,2025-10-01,music
U000357,2025-10-01,streaming
U000358,2025-10-01,mobile
U000359,2025-10-01,cloud
U000360,2025-10-01,none
U000361,2025-10-01,streaming
U000362,2025-10-01,none
U000363,2025-10-01,none
U000364,2025-10-01,music
U000365,2025-10-01,none
U000366,2025-10-01,music
U000367,2025-10-01,none
U000368,2025-10-01,software
U000369,2025-10-01,music
U000370,2025-10-01,mobile
U000371,2025-10-01,software
U000372,2025-10-01,insurance
U000373,2025-10-01,insurance
U000374,2025-10-01,software
U000375,2025-10-01,none
U000376,2025-10-01,none
U000377,2025-10-01,insurance
U000378,2025-10-01,cloud
U000379,2025-10-01,mobile
U000380,2025-10-01,music
U000381,2025-10-01,none
U000382,2025-10-01,none
U000383,2025-10-01,insurance
U000384,2025-10-01,gym
U000385,2025-10-01,software
U000386,2025-10-01,cloud
U000387,2025-10-01,none
U000388,2025-10-01,gym
U000389,2025-10-01,music
U000390,2025-10-01,none
U000391,2025-10-01,none
U000392,2025-10-01,streaming
U000393,2025-10-01,music
U000394,2025-10-01,music
U000395,2025-10-01,cloud
U000396,2025-10-01,none
U000397,2025-10-01,insurance
U000398,2025-10-01,none
U000399,2025-10-01,mobile
U000400,2025-10-01,insurance
U000401,2025-10-01,cloud
U000402,2025-10-01,insurance
U000403,2025-10-01,music
U000404,2025-10-01,insurance
U000405,2025-10-01,insurance
U000406,2025-10-01,none
U000407,2025-10-01,cloud
U000408,2025-10-01,software
U000409,2025-10-01,insurance
U000410,2025-10-01,software
U000411,2025-10-01,gym
U000412,2025-10-01,cloud
U000413,2025-10-01,none
U000414,2025-10-01,none
U000415,2025-10-01,gym
U000416,2025-10-01,none
U000417,2025-10-01,none
U000418,2025-10-01,none
U000419,2025-10-01,none
U000420,2025-10-01,none
U000421,2025-10-01,none
U000422,2025-10-01,mobile
U000423,2025-10-01,music
U000424,2025-10-01,software
U000425,2025-10-01,cloud
U000426,2025-10-01,none
U000427,2025-10-01,gym
U000428,2025-10-01,none
U000429,2025-10-01,mobile
U000430,2025-10-01,none
U000431,2025-10-01,cloud
U000432,2025-10-01,cloud
U000433,2025-10-01,software
U000434,2025-10-01,none
U000435,2025-10-01,insurance
U000436,2025-10-01,software
U000437,2025-10-01,software
U000438,2025-10-01,streaming
U000439,2025-10-01,streaming
U000440,2025-10-01,streaming
U000441,2025-10-01,music
U000442,2025-10-01,cloud
U000443,2025-10-01,none
U000444,2025-10-01,cloud
U000445,2025-10-01,streaming
U000446,2025-10-01,mobile
U000447,2025-10-01,gym
U000448,2025-10-01,software
U000449,2025-10-01,none
U000450,2025-10-01,none
U000451,2025-10-01,none
U000452,2025-10-01,none
U000453,2025-10-01,none
U000454,2025-10-01,music
U000455,2025-10-01,software
U000456,2025-10-01,none
U000457,2025-10-01,insurance
U000458,2025-10-01,mobile
U000459,2025-10-01,streaming
U000460,2025-10-01,cloud
U000461,2025-10-01,gym
U000462,2025-10-01,insurance
U000463,2025-10-01,none
U000464,2025-10-01,gym
U000465,2025-10-01,streaming
U000466,2025-10-01,none
U000467,2025-10-01,insurance
U000468,2025-10-01,software
U000469,2025-10-01,none
U000470,2025-10-01,streaming
U000471,2025-10-01,none
U000472,2025-10-01,music
U000473,2025-10-01,none
U000474,2025-10-01,cloud
U000475,2025-10-01,none
U000476,2025-10-01,none
U000477,2025-10-01,none
U000478,2025-10-01,software
U000479,2025-10-01,mobile
U000480,2025-10-01,none
U000481,2025-10-01,insurance
U000482,2025-10-01,none
U000483,2025-10-01,none
U000484,2025-10-01,cloud
U000485,2025-10-01,none
U000486,2025-10-01,streaming
U000487,2025-10-01,none
U000488,2025-10-01,music
U000489,2025-10-01,none
U000490,2025-10-01,none
U000491,2025-10-01,software
U000492,2025-10-01,none
U000493,2025-10-01,none
U000494,2025-10-01,none
U000495,2025-10-01,music
U000496,2025-10-01,none
U000497,2025-10-01,music
U000498,2025-10-01,cloud
U000499,2025-10-01,music
U000500,2025-10-01,cloud
U000501,2025-10-01,gym
U000502,2025-10-01,none
U000503,2025-10-01,gym
U000504,2025-10-01,none
U000505,2025-10-01,gym
U000506,2025-10-01,mobile
U000507,2025-10-01,none
U000508,2025-10-01,none
U000509,2025-10-01,software
U000510,2025-10-01,gym
U000511,2025-10-01,cloud
U000512,2025-10-01,insurance
U000513,2025-10-01,streaming
U000514,2025-10-01,software
U000515,2025-10-01,mobile
U000516,2025-10-01,insurance
U000517,2025-10-01,gym
U000518,2025-10-01,streaming
U000519,2025-10-01,cloud
U000520,2025-10-01,music
U000521,2025-10-01,none
U000522,2025-10-01,cloud
U000523,2025-10-01,gym
U000524,2025-10-01,none
U000525,2025-10-01,cloud
U000526,2025-10-01,none
U000527,2025-10-01,music
U000528,2025-10-01,none
U000529,2025-10-01,none
U000530,2025-10-01,streaming
U000531,2025-10-01,mobile
U000532,2025-10-01,mobile
U000533,2025-10-01,none
U000534,2025-10-01,mobile
U000535,2025-10-01,insurance
U000536,2025-10-01,mobile
U000537,2025-10-01,mobile
U000538,2025-10-01,software
U000539,2025-10-01,gym
U000540,2025-10-01,none
U000541,2025-10-01,none
U000542,2025-10-01,gym
U000543,2025-10-01,software
U000544,2025-10-01,music
U000545,2025-10-01,gym
U000546,2025-10-01,insurance
U000547,2025-10-01,mobile
U000548,2025-10-01,streaming
U000549,2025-10-01,mobile
U000550,2025-10-01,music
U000551,2025-10-01,none
U000552,2025-10-01,none
U000553,2025-10-01,software
U000554,2025-10-01,none
U000555,2025-10-01,gym
U000556,2025-10-01,gym
U000557,2025-10-01,cloud
U000558,2025-10-01,mobile
U000559,2025-10-01,insurance
U000560,2025-10-01,software
U000561,2025-10-01,mobile
U000562,2025-10-01,software
U000563,2025-10-01,insurance
U000564,2025-10-01,none
U000565,2025-10-01,music
U000566,2025-10-01,cloud
U000567,2025-10-01,insurance
U000568,2025-10-01,none
U000569,2025-10-01,none
U000570,2025-10-01,none
U000571,2025-10-01,none
U000572,2025-10-01,streaming
U000573,2025-10-01,mobile
U000574,2025-10-01,insurance
U000575,2025-10-01,insurance
U000576,2025-10-01,software
U000577,2025-10-01,none
U000578,2025-10-01,none
U000579,2025-10-01,music
U000580,2025-10-01,software
U000581,2025-10-01,music
U000582,2025-10-01,mobile
U000583,2025-10-01,software
U000584,2025-10-01,none
U000585,2025-10-01,software
U000586,2025-10-01,music
U000587,2025-10-01,cloud
U000588,2025-10-01,none
U000589,2025-10-01,none
U000590,2025-10-01,cloud
U000591,2025-10-01,mobile
U000592,2025-10-01,gym
U000593,2025-10-01,none
U000594,2025-10-01,mobile
U000595,2025-10-01,none
U000596,2025-10-01,streaming
U000597,2025-10-01,none
U000598,2025-10-01,mobile
U000599,2025-10-01,none
U000600,2025-10-01,mobile
U000601,2025-10-01,streaming
U000602,2025-10-01,none
U000603,2025-10-01,cloud
U000604,2025-10-01,none
U000605,2025-10-01,none
U000606,2025-10-01,none
U000607,2025-10-01,streaming
U000608,2025-10-01,none
U000609,2025-10-01,software
U000610,2025-10-01,cloud
U000611,2025-10-01,mobile
U000612,2025-10-01,none
U000613,2025-10-01,streaming
U000614,2025-10-01,mobile
U000615,2025-10-01,streaming
U000616,2025-10-01,none
U000617,2025-10-01,mobile
U000618,2025-10-01,music
U000619,2025-10-01,none
U000620,2025-10-01,insurance
U000621,2025-10-01,streaming
U000622,2025-10-01,insurance
U000623,2025-10-01,mobile
U000624,2025-10-01,software
U000625,2025-10-01,none
U000626,2025-10-01,gym
U000627,2025-10-01,software
U000628,2025-10-01,none
U000629,2025-10-01,streaming
U000630,2025-10-01,mobile
U000631,2025-10-01,none
U000632,2025-10-01,insurance
U000633,2025-10-01,gym
U000634,2025-10-01,streaming
U000635,2025-10-01,none
U000636,2025-10-01,cloud
U000637,2025-10-01,none
U000638,2025-10-01,streaming
U000639,2025-10-01,none
U000640,2025-10-01,cloud
U000641,2025-10-01,streaming
U000642,2025-10-01,cloud
U000643,2025-10-01,software
U000644,2025-10-01,cloud
U000645,2025-10-01,software
U000646,2025-10-01,music
U000647,2025-10-01,gym
U000648,2025-10-01,none
U000649,2025-10-01,none
U000650,2025-10-01,none
U000651,2025-10-01,none
U000652,2025-10-01,streaming
U000653,2025-10-01,insurance
U000654,2025-10-01,music
U000655,2025-10-01,none
U000656,2025-10-01,cloud
U000657,2025-10-01,insurance
U000658,2025-10-01,none
U000659,2025-10-01,cloud
U000660,2025-10-01,insurance
U000661,2025-10-01,gym
U000662,2025-10-01,gym
U000663,2025-10-01,cloud
U000664,2025-10-01,music
U000665,2025-10-01,music
U000666,2025-10-01,none
U000667,2025-10-01,none
U000668,2025-10-01,none
U000669,2025-10-01,gym
U000670,2025-10-01,cloud
U000671,2025-10-01,none
U000672,2025-10-01,software
U000673,2025-10-01,music
U000674,2025-10-01,gym
U000675,2025-10-01,none
U000676,2025-10-01,none
U000677,2025-10-01,software
U000678,2025-10-01,insurance
U000679,2025-10-01,streaming
U000680,2025-10-01,gym
U000681,2025-10-01,none
U000682,2025-10-01,software
U000683,2025-10-01,music
U000684,2025-10-01,none
U000685,2025-10-01,cloud
U000686,2025-10-01,music
U000687,2025-10-01,cloud
U000688,2025-10-01,insurance
U000689,2025-10-01,music
U000690,2025-10-01,none
U000691,2025-10-01,none
U000692,2025-10-01,none
U000693,2025-10-01,none
U000694,2025-10-01,insurance
U000695,2025-10-01,none
U000696,2025-10-01,cloud
U000697,2025-10-01,cloud
U000698,2025-10-01,none
U000699,2025-10-01,gym
U000700,2025-10-01,cloud
U000701,2025-10-01,software
U000702,2025-10-01,none
U000703,2025-10-01,mobile
U000704,2025-10-01,cloud
U000705,2025-10-01,none
U000706,2025-10-01,none
U000707,2025-10-01,software
U000708,2025-10-01,gym
U000709,2025-10-01,music
U000710,2025-10-01,software
U000711,2025-10-01,none
U000712,2025-10-01,music
U000713,2025-10-01,none
U000714,2025-10-01,music
U000715,2025-10-01,mobile
U000716,2025-10-01,gym
U000717,2025-10-01,none
U000718,2025-10-01,none
U000719,2025-10-01,gym
U000720,2025-10-01,software
U000721,2025-10-01,streaming
U000722,2025-10-01,streaming
U000723,2025-10-01,none
U000724,2025-10-01,gym
U000725,2025-10-01,insurance
U000726,2025-10-01,none
U000727,2025-10-01,music
U000728,2025-10-01,none
U000729,2025-10-01,none
U000730,2025-10-01,cloud
U000731,2025-10-01,none
U000732,2025-10-01,gym
U000733,2025-10-01,gym
U000734,2025-10-01,none
U000735,2025-10-01,insurance
U000736,2025-10-01,mobile
U000737,2025-10-01,streaming
U000738,2025-10-01,software
U000739,2025-10-01,none
U000740,2025-10-01,streaming
U000741,2025-10-01,none
U000742,2025-10-01,gym
U000743,2025-10-01,none
U000744,2025-10-01,music
U000745,2025-10-01,none
U000746,2025-10-01,cloud
U000747,2025-10-01,gym
U000748,2025-10-01,none
U000749,2025-10-01,none
U000750,2025-10-01,music
U000751,2025-10-01,mobile
U000752,2025-10-01,none
U000753,2025-10-01,insurance
U000754,2025-10-01,insurance
U000755,2025-10-01,streaming
U000756,2025-10-01,none
U000757,2025-10-01,insurance
U000758,2025-10-01,software
U000759,2025-10-01,gym
U000760,2025-10-01,software
U000761,2025-10-01,none
U000762,2025-10-01,none
U000763,2025-10-01,insurance
U000764,2025-10-01,insurance
U000765,2025-10-01,none
U000766,2025-10-01,insurance
U000767,2025-10-01,streaming
U000768,2025-10-01,insurance
U000769,2025-10-01,insurance
U000770,2025-10-01,streaming
U000771,2025-10-01,mobile
U000772,2025-10-01,music
U000773,2025-10-01,cloud
U000774,2025-10-01,cloud
U000775,2025-10-01,none
U000776,2025-10-01,insurance
U000777,2025-10-01,insurance
U000778,2025-10-01,none
U000779,2025-10-01,streaming
U000780,2025-10-01,gym
U000781,2025-10-01,streaming
U000782,2025-10-01,software
U000783,2025-10-01,cloud
U000784,2025-10-01,gym
U000785,2025-10-01,streaming
U000786,2025-10-01,none
U000787,2025-10-01,cloud
U000788,2025-10-01,streaming
U000789,2025-10-01,none
U000790,2025-10-01,music
U000791,2025-10-01,none
U000792,2025-10-01,none
U000793,2025-10-01,gym
U000794,2025-10-01,mobile
U000795,2025-10-01,none
U000796,2025-10-01,none
U000797,2025-10-01,cloud
U000798,2025-10-01,mobile
U000799,2025-10-01,none
U000800,2025-10-01,streaming
U000801,2025-10-01,none
U000802,2025-10-01,cloud
U000803,2025-10-01,cloud
U000804,2025-10-01,none
U000805,2025-10-01,streaming
U000806,2025-10-01,none
U000807,2025-10-01,gym
U000808,2025-10-01,none
U000809,2025-10-01,insurance
U000810,2025-10-01,none
U000811,2025-10-01,gym
U000812,2025-10-01,mobile
U000813,2025-10-01,none
U000814,2025-10-01,gym
U000815,2025-10-01,none
U000816,2025-10-01,software
U000817,2025-10-01,insurance
U000818,2025-10-01,cloud
U000819,2025-10-01,none
U000820,2025-10-01,insurance
U000821,2025-10-01,gym
U000822,2025-10-01,mobile
U000823,2025-10-01,none
U000824,2025-10-01,none
U000825,2025-10-01,cloud
U000826,2025-10-01,none
U000827,2025-10-01,none
U000828,2025-10-01,mobile
U000829,2025-10-01,none
U000830,2025-10-01,none
U000831,2025-10-01,none
U000832,2025-10-01,none
U000833,2025-10-01,none
U000834,2025-10-01,none
U000835,2025-10-01,none
U000836,2025-10-01,insurance
U000837,2025-10-01,music
U000838,2025-10-01,cloud
U000839,2025-10-01,none
U000840,2025-10-01,gym
U000841,2025-10-01,none
U000842,2025-10-01,none
U000843,2025-10-01,none
U000844,2025-10-01,streaming
U000845,2025-10-01,insurance
U000846,2025-10-01,software
U000847,2025-10-01,music
U000848,2025-10-01,gym
U000849,2025-10-01,music
U000850,2025-10-01,streaming
U000851,2025-10-01,none
U000852,2025-10-01,none
U000853,2025-10-01,none
U000854,2025-10-01,streaming
U000855,2025-10-01,software
U000856,2025-10-01,none
U000857,2025-10-01,mobile
U000858,2025-10-01,music
U000859,2025-10-01,none
U000860,2025-10-01,none
U000861,2025-10-01,gym
U000862,2025-10-01,insurance
U000863,2025-10-01,none
U000864,2025-10-01,insurance
U000865,2025-10-01,none
U000866,2025-10-01,streaming
U000867,2025-10-01,none
U000868,2025-10-01,none
U000869,2025-10-01,none
U000870,2025-10-01,insurance
U000871,2025-10-01,music
U000872,2025-10-01,none
U000873,2025-10-01,insurance
U000874,2025-10-01,mobile
U000875,2025-10-01,none
U000876,2025-10-01,insurance
U000877,2025-10-01,insurance
U000878,2025-10-01,gym
U000879,2025-10-01,cloud
U000880,2025-10-01,mobile
U000881,2025-10-01,insurance
U000882,2025-10-01,cloud
U000883,2025-10-01,mobile
U000884,2025-10-01,music
U000885,2025-10-01,none
U000886,2025-10-01,none
U000887,2025-10-01,music
U000888,2025-10-01,software
U000889,2025-10-01,none
U000890,2025-10-01,cloud
U000891,2025-10-01,insurance
U000892,2025-10-01,gym
U000893,2025-10-01,streaming
U000894,2025-10-01,none
U000895,2025-10-01,cloud
U000896,2025-10-01,none
U000897,2025-10-01,none
U000898,2025-10-01,cloud
U000899,2025-10-01,none
U000900,2025-10-01,none
U000901,2025-10-01,cloud
U000902,2025-10-01,none
U000903,2025-10-01,music
U000904,2025-10-01,none
U000905,2025-10-01,software
U000906,2025-10-01,cloud
U000907,2025-10-01,none
U000908,2025-10-01,none
U000909,2025-10-01,software
U000910,2025-10-01,none
U000911,2025-10-01,software
U000912,2025-10-01,software
U000913,2025-10-01,streaming
U000914,2025-10-01,none
U000915,2025-10-01,music
U000916,2025-10-01,insurance
U000917,2025-10-01,insurance
U000918,2025-10-01,none
U000919,2025-10-01,music
U000920,2025-10-01,software
U000921,2025-10-01,none
U000922,2025-10-01,mobile
U000923,2025-10-01,mobile
U000924,2025-10-01,none
U000925,2025-10-01,mobile
U000926,2025-10-01,music
U000927,2025-10-01,none
U000928,2025-10-01,none
U000929,2025-10-01,none
U000930,2025-10-01,streaming
U000931,2025-10-01,none
U000932,2025-10-01,none
U000933,2025-10-01,streaming
U000934,2025-10-01,cloud
U000935,2025-10-01,mobile
U000936,2025-10-01,cloud
U000937,2025-10-01,none
U000938,2025-10-01,streaming
U000939,2025-10-01,music
U000940,2025-10-01,none
U000941,2025-10-01,software
U000942,2025-10-01,none
U000943,2025-10-01,none
U000944,2025-10-01,gym
U000945,2025-10-01,none
U000946,2025-10-01,none
U000947,2025-10-01,software
U000948,2025-10-01,none
U000949,2025-10-01,software
U000950,2025-10-01,gym
U000951,2025-10-01,mobile
U000952,2025-10-01,insurance
U000953,2025-10-01,none
U000954,2025-10-01,none
U000955,2025-10-01,none
U000956,2025-10-01,cloud
U000957,2025-10-01,streaming
U000958,2025-10-01,mobile
U000959,2025-10-01,music
U000960,2025-10-01,none
U000961,2025-10-01,insurance
U000962,2025-10-01,mobile
U000963,2025-10-01,cloud
U000964,2025-10-01,gym
U000965,2025-10-01,none
U000966,2025-10-01,none
U000967,2025-10-01,insurance
U000968,2025-10-01,none
U000969,2025-10-01,none
U000970,2025-10-01,music
U000971,2025-10-01,gym
U000972,2025-10-01,insurance
U000973,2025-10-01,streaming
U000974,2025-10-01,none
U000975,2025-10-01,none
U000976,2025-10-01,software
U000977,2025-10-01,gym
U000978,2025-10-01,gym
U000979,2025-10-01,music
U000980,2025-10-01,none
U000981,2025-10-01,none
U000982,2025-10-01,gym
U000983,2025-10-01,none
U000984,2025-10-01,gym
U000985,2025-10-01,music
U000986,2025-10-01,none
U000987,2025-10-01,none
U000988,2025-10-01,gym
U000989,2025-10-01,mobile
U000990,2025-10-01,gym
U000991,2025-10-01,mobile
U000992,2025-10-01,none
U000993,2025-10-01,none
U000994,2025-10-01,none
U000995,2025-10-01,none
U000996,2025-10-01,software
U000997,2025-10-01,streaming
U000998,2025-10-01,gym
U000999,2025-10-01,insurance
U001000,2025-10-01,none
U001001,2025-10-01,gym
U001002,2025-10-01,streaming
U001003,2025-10-01,none
U001004,2025-10-01,mobile
U001005,2025-10-01,none
U001006,2025-10-01,gym
U001007,2025-10-01,music
U001008,2025-10-01,gym
U001009,2025-10-01,none
U001010,2025-10-01,none
U001011,2025-10-01,mobile
U001012,2025-10-01,none
U001013,2025-10-01,none
U001014,2025-10-01,mobile
U001015,2025-10-01,streaming
U001016,2025-10-01,none
U001017,2025-10-01,software
U001018,2025-10-01,none
U001019,2025-10-01,mobile
U001020,2025-10-01,none
U001021,2025-10-01,none
U001022,2025-10-01,none
U001023,2025-10-01,streaming
U001024,2025-10-01,streaming
U001025,2025-10-01,none
U001026,2025-10-01,insurance
U001027,2025-10-01,none
U001028,2025-10-01,mobile
U001029,2025-10-01,streaming
U001030,2025-10-01,insurance
U001031,2025-10-01,none
U001032,2025-10-01,none
U001033,2025-10-01,none
U001034,2025-10-01,mobile
U001035,2025-10-01,insurance
U001036,2025-10-01,insurance
U001037,2025-10-01,software
U001038,2025-10-01,insurance
U001039,2025-10-01,music
U001040,2025-10-01,mobile
U001041,2025-10-01,software
U001042,2025-10-01,none
U001043,2025-10-01,streaming
U001044,2025-10-01,none
U001045,2025-10-01,cloud
U001046,2025-10-01,none
U001047,2025-10-01,streaming
U001048,2025-10-01,streaming
U001049,2025-10-01,mobile
U001050,2025-10-01,gym
U001051,2025-10-01,none
U001052,2025-10-01,mobile
U001053,2025-10-01,none
U001054,2025-10-01,software
U001055,2025-10-01,none
U001056,2025-10-01,mobile
U001057,2025-10-01,insurance
U001058,2025-10-01,none
U001059,2025-10-01,streaming
U001060,2025-10-01,mobile
U001061,2025-10-01,streaming
U001062,2025-10-01,insurance
U001063,2025-10-01,gym
U001064,2025-10-01,cloud
U001065,2025-10-01,mobile
U001066,2025-10-01,software
U001067,2025-10-01,streaming
U001068,2025-10-01,insurance
U001069,2025-10-01,insurance
U001070,2025-10-01,streaming
U001071,2025-10-01,none
U001072,2025-10-01,streaming
U001073,2025-10-01,gym
U001074,2025-10-01,streaming
U001075,2025-10-01,none
U001076,2025-10-01,streaming
U001077,2025-10-01,none
U001078,2025-10-01,mobile
U001079,2025-10-01,streaming
U001080,2025-10-01,none
U001081,2025-10-01,none
U001082,2025-10-01,none
U001083,2025-10-01,none
U001084,2025-10-01,music
U001085,2025-10-01,insurance
U001086,2025-10-01,none
U001087,2025-10-01,none
U001088,2025-10-01,none
U001089,2025-10-01,music
U001090,2025-10-01,streaming
U001091,2025-10-01,none
U001092,2025-10-01,gym
U001093,2025-10-01,streaming
U001094,2025-10-01,none
U001095,2025-10-01,insurance
U001096,2025-10-01,music
U001097,2025-10-01,music
U001098,2025-10-01,music
U001099,2025-10-01,insurance
U001100,2025-10-01,none
U001101,2025-10-01,none
U001102,2025-10-01,streaming
U001103,2025-10-01,insurance
U001104,2025-10-01,none
U001105,2025-10-01,mobile
U001106,2025-10-01,cloud
U001107,2025-10-01,gym
U001108,2025-10-01,streaming
U001109,2025-10-01,gym
U001110,2025-10-01,none
U001111,2025-10-01,none
U001112,2025-10-01,streaming
U001113,2025-10-01,streaming
U001114,2025-10-01,gym
U001115,2025-10-01,music
U001116,2025-10-01,music
U001117,2025-10-01,cloud
U001118,2025-10-01,cloud
U001119,2025-10-01,streaming
U001120,2025-10-01,mobile
U001121,2025-10-01,software
U001122,2025-10-01,none
U001123,2025-10-01,insurance
U001124,2025-10-01,gym
U001125,2025-10-01,music
U001126,2025-10-01,streaming
U001127,2025-10-01,none
U001128,2025-10-01,gym
U001129,2025-10-01,insurance
U001130,2025-10-01,streaming
U001131,2025-10-01,none
U001132,2025-10-01,streaming
U001133,2025-10-01,insurance
U001134,2025-10-01,software
U001135,2025-10-01,none
U001136,2025-10-01,none
U001137,2025-10-01,cloud
U001138,2025-10-01,mobile
U001139,2025-10-01,none
U001140,2025-10-01,software
U001141,2025-10-01,cloud
U001142,2025-10-01,cloud
U001143,2025-10-01,streaming
U001144,2025-10-01,none
U001145,2025-10-01,none
U001146,2025-10-01,streaming
U001147,2025-10-01,none
U001148,2025-10-01,cloud
U001149,2025-10-01,insurance
U001150,2025-10-01,software
U001151,2025-10-01,music
U001152,2025-10-01,none
U001153,2025-10-01,insurance
U001154,2025-10-01,none
U001155,2025-10-01,gym
U001156,2025-10-01,none
U001157,2025-10-01,mobile
U001158,2025-10-01,insurance
U001159,2025-10-01,music
U001160,2025-10-01,music
U001161,2025-10-01,none
U001162,2025-10-01,gym
U001163,2025-10-01,none
U001164,2025-10-01,none
U001165,2025-10-01,insurance
U001166,2025-10-01,none
U001167,2025-10-01,software
U001168,2025-10-01,software
U001169,2025-10-01,none
U001170,2025-10-01,none
U001171,2025-10-01,none
U001172,2025-10-01,cloud
U001173,2025-10-01,mobile
U001174,2025-10-01,none
U001175,2025-10-01,music
U001176,2025-10-01,none
U001177,2025-10-01,mobile
U001178,2025-10-01,none
U001179,2025-10-01,none
U001180,2025-10-01,music
U001181,2025-10-01,streaming
U001182,2025-10-01,mobile
U001183,2025-10-01,streaming
U001184,2025-10-01,none
U001185,2025-10-01,none
U001186,2025-10-01,gym
U001187,2025-10-01,insurance
U001188,2025-10-01,cloud
U001189,2025-10-01,insurance
U001190,2025-10-01,none
U001191,2025-10-01,none
U001192,2025-10-01,streaming
U001193,2025-10-01,gym
U001194,2025-10-01,music
U001195,2025-10-01,none
U001196,2025-10-01,none
U001197,2025-10-01,none
U001198,2025-10-01,none
U001199,2025-10-01,insurance
U001200,2025-10-01,insurance
U001201,2025-10-01,cloud
U001202,2025-10-01,insurance
U001203,2025-10-01,insurance
U001204,2025-10-01,streaming
U001205,2025-10-01,none
U001206,2025-10-01,none
U001207,2025-10-01,software
U001208,2025-10-01,mobile
U001209,2025-10-01,streaming
U001210,2025-10-01,insurance
U001211,2025-10-01,music
U001212,2025-10-01,insurance
U001213,2025-10-01,music
U001214,2025-10-01,none
U001215,2025-10-01,none
U001216,2025-10-01,cloud
U001217,2025-10-01,insurance
U001218,2025-10-01,insurance
U001219,2025-10-01,software
U001220,2025-10-01,music
U001221,2025-10-01,none
U001222,2025-10-01,streaming
U001223,2025-10-01,none
U001224,2025-10-01,none
U001225,2025-10-01,music
U001226,2025-10-01,none
U001227,2025-10-01,none
U001228,2025-10-01,insurance
U001229,2025-10-01,none
U001230,2025-10-01,mobile
U001231,2025-10-01,cloud
U001232,2025-10-01,insurance
U001233,2025-10-01,none
U001234,2025-10-01,music
U001235,2025-10-01,music
U001236,2025-10-01,cloud
U001237,2025-10-01,software
U001238,2025-10-01,none
U001239,2025-10-01,none
U001240,2025-10-01,none
U001241,2025-10-01,none
U001242,2025-10-01,software
U001243,2025-10-01,none
U001244,2025-10-01,software
U001245,2025-10-01,gym
U001246,2025-10-01,software
U001247,2025-10-01,none
U001248,2025-10-01,none
U001249,2025-10-01,none
U001250,2025-10-01,software
U001251,2025-10-01,none
U001252,2025-10-01,software
U001253,2025-10-01,music
U001254,2025-10-01,none
U001255,2025-10-01,software
U001256,2025-10-01,none
U001257,2025-10-01,none
U001258,2025-10-01,cloud
U001259,2025-10-01,none
U001260,2025-10-01,none
U001261,2025-10-01,streaming
U001262,2025-10-01,cloud
U001263,2025-10-01,insurance
U001264,2025-10-01,mobile
U001265,2025-10-01,insurance
U001266,2025-10-01,insurance
U001267,2025-10-01,music
U001268,2025-10-01,none
U001269,2025-10-01,none
U001270,2025-10-01,mobile
U001271,2025-10-01,software
U001272,2025-10-01,software
U001273,2025-10-01,none
U001274,2025-10-01,none
U001275,2025-10-01,mobile
U001276,2025-10-01,gym
U001277,2025-10-01,music
U001278,2025-10-01,none
U001279,2025-10-01,streaming
U001280,2025-10-01,software
U001281,2025-10-01,none
U001282,2025-10-01,cloud
U001283,2025-10-01,none
U001284,2025-10-01,cloud
U001285,2025-10-01,software
U001286,2025-10-01,software
U001287,2025-10-01,none
U001288,2025-10-01,none
U001289,2025-10-01,none
U001290,2025-10-01,streaming
U001291,2025-10-01,mobile
U001292,2025-10-01,mobile
U001293,2025-10-01,gym
U001294,2025-10-01,streaming
U001295,2025-10-01,none
U001296,2025-10-01,software
U001297,2025-10-01,none
U001298,2025-10-01,none
U001299,2025-10-01,gym
U001300,2025-10-01,gym
U001301,2025-10-01,streaming
U001302,2025-10-01,music
U001303,2025-10-01,none
U001304,2025-10-01,none
U001305,2025-10-01,none
U001306,2025-10-01,streaming
U001307,2025-10-01,insurance
U001308,2025-10-01,mobile
U001309,2025-10-01,none
U001310,2025-10-01,software
U001311,2025-10-01,software
U001312,2025-10-01,none
U001313,2025-10-01,streaming
U001314,2025-10-01,cloud
U001315,2025-10-01,streaming
U001316,2025-10-01,none
U001317,2025-10-01,insurance
U001318,2025-10-01,music
U001319,2025-10-01,none
U001320,2025-10-01,none
U001321,2025-10-01,music
U001322,2025-10-01,none
U001323,2025-10-01,none
U001324,2025-10-01,none
U001325,2025-10-01,music
U001326,2025-10-01,none
U001327,2025-10-01,cloud
U001328,2025-10-01,music
U001329,2025-10-01,insurance
U001330,2025-10-01,insurance
U001331,2025-10-01,none
U001332,2025-10-01,none
U001333,2025-10-01,gym
U001334,2025-10-01,cloud
U001335,2025-10-01,gym
U001336,2025-10-01,software
U001337,2025-10-01,insurance
U001338,2025-10-01,streaming
U001339,2025-10-01,none
U001340,2025-10-01,none
U001341,2025-10-01,none
U001342,2025-10-01,insurance
U001343,2025-10-01,mobile
U001344,2025-10-01,insurance
U001345,2025-10-01,none
U001346,2025-10-01,none
U001347,2025-10-01,mobile
U001348,2025-10-01,cloud
U001349,2025-10-01,cloud
U001350,2025-10-01,gym
U001351,2025-10-01,mobile
U001352,2025-10-01,software
U001353,2025-10-01,none
U001354,2025-10-01,insurance
U001355,2025-10-01,software
U001356,2025-10-01,gym
U001357,2025-10-01,gym
U001358,2025-10-01,insurance
U001359,2025-10-01,none
U001360,2025-10-01,cloud
U001361,2025-10-01,none
U001362,2025-10-01,none
U001363,2025-10-01,none
U001364,2025-10-01,none
U001365,2025-10-01,none
U001366,2025-10-01,insurance
U001367,2025-10-01,music
U001368,2025-10-01,none
U001369,2025-10-01,software
U001370,2025-10-01,none
U001371,2025-10-01,insurance
U001372,2025-10-01,none
U001373,2025-10-01,none
U001374,2025-10-01,none
U001375,2025-10-01,gym
U001376,2025-10-01,music
U001377,2025-10-01,streaming
U001378,2025-10-01,none
U001379,2025-10-01,mobile
U001380,2025-10-01,mobile
U001381,2025-10-01,gym
U001382,2025-10-01,none
U001383,2025-10-01,streaming
U001384,2025-10-01,none
U001385,2025-10-01,mobile
U001386,2025-10-01,insurance
U001387,2025-10-01,none
U001388,2025-10-01,cloud
U001389,2025-10-01,cloud
U001390,2025-10-01,none
U001391,2025-10-01,cloud
U001392,2025-10-01,none
U001393,2025-10-01,none
U001394,2025-10-01,none
U001395,2025-10-01,software
U001396,2025-10-01,mobile
U001397,2025-10-01,mobile
U001398,2025-10-01,music
U001399,2025-10-01,none
U001400,2025-10-01,gym
U001401,2025-10-01,none
U001402,2025-10-01,mobile
U001403,2025-10-01,gym
U001404,2025-10-01,none
U001405,2025-10-01,software
U001406,2025-10-01,cloud
U001407,2025-10-01,streaming
U001408,2025-10-01,music
U001409,2025-10-01,mobile
U001410,2025-10-01,cloud
U001411,2025-10-01,mobile
U001412,2025-10-01,streaming
U001413,2025-10-01,streaming
U001414,2025-10-01,none
U001415,2025-10-01,none
U001416,2025-10-01,software
U001417,2025-10-01,none
U001418,2025-10-01,none
U001419,2025-10-01,gym
U001420,2025-10-01,none
U001421,2025-10-01,cloud
U001422,2025-10-01,streaming
U001423,2025-10-01,cloud
U001424,2025-10-01,none
U001425,2025-10-01,cloud
U001426,2025-10-01,none
U001427,2025-10-01,streaming
U001428,2025-10-01,gym
U001429,2025-10-01,streaming
U001430,2025-10-01,insurance
U001431,2025-10-01,cloud
U001432,2025-10-01,none
U001433,2025-10-01,gym
U001434,2025-10-01,software
U001435,2025-10-01,none
U001436,2025-10-01,none
U001437,2025-10-01,none
U001438,2025-10-01,mobile
U001439,2025-10-01,streaming
U001440,2025-10-01,insurance
U001441,2025-10-01,none
U001442,2025-10-01,none
U001443,2025-10-01,none
U001444,2025-10-01,none
U001445,2025-10-01,insurance
U001446,2025-10-01,streaming
U001447,2025-10-01,none
U001448,2025-10-01,mobile
U001449,2025-10-01,none
U001450,2025-10-01,none
U001451,2025-10-01,none
U001452,2025-10-01,gym
U001453,2025-10-01,none
U001454,2025-10-01,gym
U001455,2025-10-01,none
U001456,2025-10-01,cloud
U001457,2025-10-01,none
U001458,2025-10-01,software
U001459,2025-10-01,none
U001460,2025-10-01,cloud
U001461,2025-10-01,music
U001462,2025-10-01,none
U001463,2025-10-01,music
U001464,2025-10-01,mobile
U001465,2025-10-01,mobile
U001466,2025-10-01,mobile
U001467,2025-10-01,music
U001468,2025-10-01,none
U001469,2025-10-01,gym
U001470,2025-10-01,music
U001471,2025-10-01,insurance
U001472,2025-10-01,software
U001473,2025-10-01,none
U001474,2025-10-01,none
U001475,2025-10-01,none
U001476,2025-10-01,none
U001477,2025-10-01,cloud
U001478,2025-10-01,gym
U001479,2025-10-01,cloud
U001480,2025-10-01,none
U001481,2025-10-01,none
U001482,2025-10-01,music
U001483,2025-10-01,none
U001484,2025-10-01,gym
U001485,2025-10-01,none
U001486,2025-10-01,music
U001487,2025-10-01,none
U001488,2025-10-01,cloud
U001489,2025-10-01,cloud
U001490,2025-10-01,software
U001491,2025-10-01,gym
U001492,2025-10-01,none
U001493,2025-10-01,none
U001494,2025-10-01,none
U001495,2025-10-01,none
U001496,2025-10-01,none
U001497,2025-10-01,none
U001498,2025-10-01,none
U001499,2025-10-01,none
U001500,2025-10-01,streaming
U001501,2025-10-01,none
U001502,2025-10-01,music
U001503,2025-10-01,none
U001504,2025-10-01,insurance
U001505,2025-10-01,none
U001506,2025-10-01,none
U001507,2025-10-01,music
U001508,2025-10-01,none
U001509,2025-10-01,none
U001510,2025-10-01,none
U001511,2025-10-01,software
U001512,2025-10-01,none
U001513,2025-10-01,none
U001514,2025-10-01,none
U001515,2025-10-01,gym
U001516,2025-10-01,insurance
U001517,2025-10-01,insurance
U001518,2025-10-01,none
U001519,2025-10-01,none
U001520,2025-10-01,insurance
U001521,2025-10-01,insurance
U001522,2025-10-01,insurance
U001523,2025-10-01,none
U001524,2025-10-01,none
U001525,2025-10-01,none
U001526,2025-10-01,gym
U001527,2025-10-01,streaming
U001528,2025-10-01,software
U001529,2025-10-01,insurance
U001530,2025-10-01,insurance
U001531,2025-10-01,none
U001532,2025-10-01,gym
U001533,2025-10-01,none
U001534,2025-10-01,music
U001535,2025-10-01,software
U001536,2025-10-01,none
U001537,2025-10-01,cloud
U001538,2025-10-01,insurance
U001539,2025-10-01,software
U001540,2025-10-01,none
U001541,2025-10-01,streaming
U001542,2025-10-01,music
U001543,2025-10-01,none
U001544,2025-10-01,software
U001545,2025-10-01,gym
U001546,2025-10-01,none
U001547,2025-10-01,software
U001548,2025-10-01,none
U001549,2025-10-01,music
U001550,2025-10-01,streaming
U001551,2025-10-01,none
U001552,2025-10-01,cloud
U001553,2025-10-01,insurance
U001554,2025-10-01,none
U001555,2025-10-01,streaming
U001556,2025-10-01,software
U001557,2025-10-01,none
U001558,2025-10-01,gym
U001559,2025-10-01,mobile
U001560,2025-10-01,none
U001561,2025-10-01,streaming
U001562,2025-10-01,streaming
U001563,2025-10-01,none
U001564,2025-10-01,none
U001565,2025-10-01,gym
U001566,2025-10-01,gym
U001567,2025-10-01,none
U001568,2025-10-01,cloud
U001569,2025-10-01,gym
U001570,2025-10-01,none
U001571,2025-10-01,music
U001572,2025-10-01,mobile
U001573,2025-10-01,none
U001574,2025-10-01,streaming
U001575,2025-10-01,none
U001576,2025-10-01,cloud
U001577,2025-10-01,none
U001578,2025-10-01,mobile
U001579,2025-10-01,cloud
U001580,2025-10-01,music
U001581,2025-10-01,insurance
U001582,2025-10-01,none
U001583,2025-10-01,mobile
U001584,2025-10-01,music
U001585,2025-10-01,mobile
U001586,2025-10-01,none
U001587,2025-10-01,none
U001588,2025-10-01,streaming
U001589,2025-10-01,none
U001590,2025-10-01,software
U001591,2025-10-01,none
U001592,2025-10-01,none
U001593,2025-10-01,cloud
U001594,2025-10-01,insurance
U001595,2025-10-01,gym
U001596,2025-10-01,none
U001597,2025-10-01,none
U001598,2025-10-01,gym
U001599,2025-10-01,streaming
U001600,2025-10-01,none
U001601,2025-10-01,software
U001602,2025-10-01,insurance
U001603,2025-10-01,insurance
U001604,2025-10-01,streaming
U001605,2025-10-01,software
U001606,2025-10-01,streaming
U001607,2025-10-01,insurance
U001608,2025-10-01,streaming
U001609,2025-10-01,gym
U001610,2025-10-01,none
U001611,2025-10-01,insurance
U001612,2025-10-01,none
U001613,2025-10-01,none
U001614,2025-10-01,cloud
U001615,2025-10-01,mobile
U001616,2025-10-01,none
U001617,2025-10-01,music
U001618,2025-10-01,none
U001619,2025-10-01,none
U001620,2025-10-01,none
U001621,2025-10-01,software
U001622,2025-10-01,mobile
U001623,2025-10-01,cloud
U001624,2025-10-01,none
U001625,2025-10-01,insurance
U001626,2025-10-01,none
U001627,2025-10-01,software
U001628,2025-10-01,none
U001629,2025-10-01,none
U001630,2025-10-01,gym
U001631,2025-10-01,streaming
U001632,2025-10-01,insurance
U001633,2025-10-01,insurance
U001634,2025-10-01,streaming
U001635,2025-10-01,none
U001636,2025-10-01,none
U001637,2025-10-01,none
U001638,2025-10-01,mobile
U001639,2025-10-01,music
U001640,2025-10-01,gym
U001641,2025-10-01,music
U001642,2025-10-01,none
U001643,2025-10-01,none
U001644,2025-10-01,mobile
U001645,2025-10-01,software
U001646,2025-10-01,none
U001647,2025-10-01,none
U001648,2025-10-01,mobile
U001649,2025-10-01,streaming
U001650,2025-10-01,music
U001651,2025-10-01,insurance
U001652,2025-10-01,mobile
U001653,2025-10-01,cloud
U001654,2025-10-01,none
U001655,2025-10-01,cloud
U001656,2025-10-01,none
U001657,2025-10-01,none
U001658,2025-10-01,none
U001659,2025-10-01,mobile
U001660,2025-10-01,software
U001661,2025-10-01,mobile
U001662,2025-10-01,music
U001663,2025-10-01,none
U001664,2025-10-01,mobile
U001665,2025-10-01,mobile
U001666,2025-10-01,gym
U001667,2025-10-01,streaming
U001668,2025-10-01,insurance
U001669,2025-10-01,none
U001670,2025-10-01,gym
U001671,2025-10-01,software
U001672,2025-10-01,none
U001673,2025-10-01,insurance
U001674,2025-10-01,insurance
U001675,2025-10-01,insurance
U001676,2025-10-01,mobile
U001677,2025-10-01,none
U001678,2025-10-01,none
U001679,2025-10-01,gym
U001680,2025-10-01,cloud
U001681,2025-10-01,mobile
U001682,2025-10-01,none
U001683,2025-10-01,music
U001684,2025-10-01,cloud
U001685,2025-10-01,none
U001686,2025-10-01,gym
U001687,2025-10-01,streaming
U001688,2025-10-01,none
U001689,2025-10-01,gym
U001690,2025-10-01,none
U001691,2025-10-01,software
U001692,2025-10-01,gym
U001693,2025-10-01,cloud
U001694,2025-10-01,insurance
U001695,2025-10-01,none
U001696,2025-10-01,software
U001697,2025-10-01,software
U001698,2025-10-01,none
U001699,2025-10-01,cloud
U001700,2025-10-01,none
U001701,2025-10-01,none
U001702,2025-10-01,software
U001703,2025-10-01,gym
U001704,2025-10-01,none
U001705,2025-10-01,cloud
U001706,2025-10-01,none
U001707,2025-10-01,insurance
U001708,2025-10-01,none
U001709,2025-10-01,insurance
U001710,2025-10-01,none
U001711,2025-10-01,none
U001712,2025-10-01,none
U001713,2025-10-01,cloud
U001714,2025-10-01,none
U001715,2025-10-01,streaming
U001716,2025-10-01,gym
U001717,2025-10-01,none
U001718,2025-10-01,none
U001719,2025-10-01,streaming
U001720,2025-10-01,streaming
U001721,2025-10-01,gym
U001722,2025-10-01,cloud
U001723,2025-10-01,none
U001724,2025-10-01,none
U001725,2025-10-01,streaming
U001726,2025-10-01,cloud
U001727,2025-10-01,music
U001728,2025-10-01,mobile
U001729,2025-10-01,none
U001730,2025-10-01,none
U001731,2025-10-01,music
U001732,2025-10-01,none
U001733,2025-10-01,none
U001734,2025-10-01,mobile
U001735,2025-10-01,software
U001736,2025-10-01,cloud
U001737,2025-10-01,software
U001738,2025-10-01,streaming
U001739,2025-10-01,gym
U001740,2025-10-01,mobile
U001741,2025-10-01,none
U001742,2025-10-01,none
U001743,2025-10-01,mobile
U001744,2025-10-01,insurance
U001745,2025-10-01,gym
U001746,2025-10-01,cloud
U001747,2025-10-01,insurance
U001748,2025-10-01,none
U001749,2025-10-01,none
U001750,2025-10-01,mobile
U001751,2025-10-01,none
U001752,2025-10-01,none
U001753,2025-10-01,music
U001754,2025-10-01,cloud
U001755,2025-10-01,none
U001756,2025-10-01,insurance
U001757,2025-10-01,insurance
U001758,2025-10-01,gym
U001759,2025-10-01,cloud
U001760,2025-10-01,music
U001761,2025-10-01,none
U001762,2025-10-01,none
U001763,2025-10-01,gym
U001764,2025-10-01,insurance
U001765,2025-10-01,software
U001766,2025-10-01,none
U001767,2025-10-01,cloud
U001768,2025-10-01,gym
U001769,2025-10-01,mobile
U001770,2025-10-01,insurance
U001771,2025-10-01,none
U001772,2025-10-01,insurance
U001773,2025-10-01,music
U001774,2025-10-01,cloud
U001775,2025-10-01,streaming
U001776,2025-10-01,none
U001777,2025-10-01,streaming
U001778,2025-10-01,music
U001779,2025-10-01,streaming
U001780,2025-10-01,insurance
U001781,2025-10-01,streaming
U001782,2025-10-01,mobile
U001783,2025-10-01,none
U001784,2025-10-01,gym
U001785,2025-10-01,none
U001786,2025-10-01,software
U001787,2025-10-01,streaming
U001788,2025-10-01,cloud
U001789,2025-10-01,insurance
U001790,2025-10-01,none
U001791,2025-10-01,streaming
U001792,2025-10-01,gym
U001793,2025-10-01,mobile
U001794,2025-10-01,software
U001795,2025-10-01,streaming
U001796,2025-10-01,none
U001797,2025-10-01,streaming
U001798,2025-10-01,gym
U001799,2025-10-01,none
U001800,2025-10-01,none
U001801,2025-10-01,gym
U001802,2025-10-01,none
U001803,2025-10-01,cloud
U001804,2025-10-01,streaming
U001805,2025-10-01,none
U001806,2025-10-01,none
U001807,2025-10-01,none
U001808,2025-10-01,insurance
U001809,2025-10-01,streaming
U001810,2025-10-01,cloud
U001811,2025-10-01,none
U001812,2025-10-01,none
U001813,2025-10-01,cloud
U001814,2025-10-01,none
U001815,2025-10-01,streaming
U001816,2025-10-01,insurance
U001817,2025-10-01,cloud
U001818,2025-10-01,software
U001819,2025-10-01,none
U001820,2025-10-01,mobile
U001821,2025-10-01,none
U001822,2025-10-01,none
U001823,2025-10-01,music
U001824,2025-10-01,insurance
U001825,2025-10-01,mobile
U001826,2025-10-01,insurance
U001827,2025-10-01,none
U001828,2025-10-01,none
U001829,2025-10-01,insurance
U001830,2025-10-01,none
U001831,2025-10-01,insurance
U001832,2025-10-01,software
U001833,2025-10-01,none
U001834,2025-10-01,streaming
U001835,2025-10-01,none
U001836,2025-10-01,cloud
U001837,2025-10-01,music
U001838,2025-10-01,cloud
U001839,2025-10-01,cloud
U001840,2025-10-01,cloud
U001841,2025-10-01,streaming
U001842,2025-10-01,none
U001843,2025-10-01,insurance
U001844,2025-10-01,none
U001845,2025-10-01,none
U001846,2025-10-01,mobile
U001847,2025-10-01,streaming
U001848,2025-10-01,mobile
U001849,2025-10-01,cloud
U001850,2025-10-01,music
U001851,2025-10-01,gym
U001852,2025-10-01,gym
U001853,2025-10-01,none
U001854,2025-10-01,none
U001855,2025-10-01,software
U001856,2025-10-01,software
U001857,2025-10-01,none
U001858,2025-10-01,mobile
U001859,2025-10-01,music
U001860,2025-10-01,insurance
U001861,2025-10-01,gym
U001862,2025-10-01,none
U001863,2025-10-01,none
U001864,2025-10-01,software
U001865,2025-10-01,none
U001866,2025-10-01,music
U001867,2025-10-01,none
U001868,2025-10-01,none
U001869,2025-10-01,insurance
U001870,2025-10-01,software
U001871,2025-10-01,gym
U001872,2025-10-01,insurance
U001873,2025-10-01,streaming
U001874,2025-10-01,cloud
U001875,2025-10-01,mobile
U001876,2025-10-01,none
U001877,2025-10-01,music
U001878,2025-10-01,gym
U001879,2025-10-01,streaming
U001880,2025-10-01,none
U001881,2025-10-01,none
U001882,2025-10-01,software
U001883,2025-10-01,none
U001884,2025-10-01,none
U001885,2025-10-01,none
U001886,2025-10-01,software
U001887,2025-10-01,insurance
U001888,2025-10-01,streaming
U001889,2025-10-01,software
U001890,2025-10-01,gym
U001891,2025-10-01,streaming
U001892,2025-10-01,gym
U001893,2025-10-01,mobile
U001894,2025-10-01,none
U001895,2025-10-01,none
U001896,2025-10-01,mobile
U001897,2025-10-01,streaming
U001898,2025-10-01,none
U001899,2025-10-01,mobile
U001900,2025-10-01,gym
U001901,2025-10-01,none
U001902,2025-10-01,software
U001903,2025-10-01,software
U001904,2025-10-01,none
U001905,2025-10-01,none
U001906,2025-10-01,streaming
U001907,2025-10-01,insurance
U001908,2025-10-01,none
U001909,2025-10-01,none
U001910,2025-10-01,none
U001911,2025-10-01,insurance
U001912,2025-10-01,software
U001913,2025-10-01,music
U001914,2025-10-01,streaming
U001915,2025-10-01,none
U001916,2025-10-01,none
U001917,2025-10-01,gym
U001918,2025-10-01,none
U001919,2025-10-01,none
U001920,2025-10-01,cloud
U001921,2025-10-01,streaming
U001922,2025-10-01,streaming
U001923,2025-10-01,none
U001924,2025-10-01,gym
U001925,2025-10-01,none
U001926,2025-10-01,none
U001927,2025-10-01,none
U001928,2025-10-01,none
U001929,2025-10-01,music
U001930,2025-10-01,streaming
U001931,2025-10-01,mobile
U001932,2025-10-01,mobile
U001933,2025-10-01,mobile
U001934,2025-10-01,none
U001935,2025-10-01,none
U001936,2025-10-01,streaming
U001937,2025-10-01,gym
U001938,2025-10-01,streaming
U001939,2025-10-01,none
U001940,2025-10-01,streaming
U001941,2025-10-01,mobile
U001942,2025-10-01,none
U001943,2025-10-01,none
U001944,2025-10-01,none
U001945,2025-10-01,music
U001946,2025-10-01,software
U001947,2025-10-01,software
U001948,2025-10-01,software
U001949,2025-10-01,cloud
U001950,2025-10-01,music
U001951,2025-10-01,music
U001952,2025-10-01,none
U001953,2025-10-01,gym
U001954,2025-10-01,streaming
U001955,2025-10-01,mobile
U001956,2025-10-01,cloud
U001957,2025-10-01,mobile
U001958,2025-10-01,mobile
U001959,2025-10-01,insurance
U001960,2025-10-01,streaming
U001961,2025-10-01,none
U001962,2025-10-01,none
U001963,2025-10-01,streaming
U001964,2025-10-01,gym
U001965,2025-10-01,none
U001966,2025-10-01,software
U001967,2025-10-01,none
U001968,2025-10-01,cloud
U001969,2025-10-01,none
U001970,2025-10-01,music
U001971,2025-10-01,none
U001972,2025-10-01,music
U001973,2025-10-01,music
U001974,2025-10-01,none
U001975,2025-10-01,software
U001976,2025-10-01,none
U001977,2025-10-01,none
U001978,2025-10-01,music
U001979,2025-10-01,streaming
U001980,2025-10-01,music
U001981,2025-10-01,insurance
U001982,2025-10-01,mobile
U001983,2025-10-01,none
U001984,2025-10-01,streaming
U001985,2025-10-01,none
U001986,2025-10-01,streaming
U001987,2025-10-01,streaming
U001988,2025-10-01,insurance
U001989,2025-10-01,cloud
U001990,2025-10-01,none
U001991,2025-10-01,none
U001992,2025-10-01,gym
U001993,2025-10-01,music
U001994,2025-10-01,gym
U001995,2025-10-01,streaming
U001996,2025-10-01,none
U001997,2025-10-01,none
U001998,2025-10-01,none
U001999,2025-10-01,none
U002000,2025-10-01,none
U002001,2025-10-01,music
U002002,2025-10-01,software
U002003,2025-10-01,streaming
U002004,2025-10-01,gym
U002005,2025-10-01,mobile
U002006,2025-10-01,none
U002007,2025-10-01,mobile
U002008,2025-10-01,none
U002009,2025-10-01,cloud
U002010,2025-10-01,insurance
U002011,2025-10-01,gym
U002012,2025-10-01,music
U002013,2025-10-01,none
U002014,2025-10-01,software
U002015,2025-10-01,none
U002016,2025-10-01,none
U002017,2025-10-01,insurance
U002018,2025-10-01,cloud
U002019,2025-10-01,none
U002020,2025-10-01,none
U002021,2025-10-01,insurance
U002022,2025-10-01,none
U002023,2025-10-01,none
U002024,2025-10-01,mobile
U002025,2025-10-01,none
U002026,2025-10-01,none
U002027,2025-10-01,software
U002028,2025-10-01,software
U002029,2025-10-01,insurance
U002030,2025-10-01,gym
U002031,2025-10-01,mobile
U002032,2025-10-01,none
U002033,2025-10-01,gym
U002034,2025-10-01,cloud
U002035,2025-10-01,none
U002036,2025-10-01,mobile
U002037,2025-10-01,none
U002038,2025-10-01,none
U002039,2025-10-01,software
U002040,2025-10-01,gym
U002041,2025-10-01,mobile
U002042,2025-10-01,software
U002043,2025-10-01,none
U002044,2025-10-01,gym
U002045,2025-10-01,music
U002046,2025-10-01,mobile
U002047,2025-10-01,none
U002048,2025-10-01,none
U002049,2025-10-01,cloud
U002050,2025-10-01,none
U002051,2025-10-01,none
U002052,2025-10-01,music
U002053,2025-10-01,software
U002054,2025-10-01,cloud
U002055,2025-10-01,insurance
U002056,2025-10-01,none
U002057,2025-10-01,none
U002058,2025-10-01,none
U002059,2025-10-01,music
U002060,2025-10-01,none
U002061,2025-10-01,none
U002062,2025-10-01,music
U002063,2025-10-01,none
U002064,2025-10-01,none
U002065,2025-10-01,none
U002066,2025-10-01,gym
U002067,2025-10-01,none
U002068,2025-10-01,none
U002069,2025-10-01,none
U002070,2025-10-01,insurance
U002071,2025-10-01,none
U002072,2025-10-01,mobile
U002073,2025-10-01,none
U002074,2025-10-01,none
U002075,2025-10-01,gym
U002076,2025-10-01,insurance
U002077,2025-10-01,mobile
U002078,2025-10-01,music
U002079,2025-10-01,none
U002080,2025-10-01,none
U002081,2025-10-01,none
U002082,2025-10-01,insurance
U002083,2025-10-01,none
U002084,2025-10-01,insurance
U002085,2025-10-01,gym
U002086,2025-10-01,none
U002087,2025-10-01,gym
U002088,2025-10-01,none
U002089,2025-10-01,mobile
U002090,2025-10-01,gym
U002091,2025-10-01,gym
U002092,2025-10-01,none
U002093,2025-10-01,insurance
U002094,2025-10-01,mobile
U002095,2025-10-01,mobile
U002096,2025-10-01,none
U002097,2025-10-01,none
U002098,2025-10-01,insurance
U002099,2025-10-01,mobile
U002100,2025-10-01,gym
U002101,2025-10-01,music
U002102,2025-10-01,mobile
U002103,2025-10-01,mobile
U002104,2025-10-01,none
U002105,2025-10-01,none
U002106,2025-10-01,music
U002107,2025-10-01,streaming
U002108,2025-10-01,streaming
U002109,2025-10-01,gym
U002110,2025-10-01,music
U002111,2025-10-01,insurance
U002112,2025-10-01,streaming
U002113,2025-10-01,none
U002114,2025-10-01,cloud
U002115,2025-10-01,music
U002116,2025-10-01,none
U002117,2025-10-01,none
U002118,2025-10-01,mobile
U002119,2025-10-01,cloud
U002120,2025-10-01,none
U002121,2025-10-01,software
U002122,2025-10-01,none
U002123,2025-10-01,streaming
U002124,2025-10-01,music
U002125,2025-10-01,mobile
U002126,2025-10-01,insurance
U002127,2025-10-01,insurance
U002128,2025-10-01,streaming
U002129,2025-10-01,none
U002130,2025-10-01,music
U002131,2025-10-01,cloud
U002132,2025-10-01,software
U002133,2025-10-01,streaming
U002134,2025-10-01,none
U002135,2025-10-01,gym
U002136,2025-10-01,cloud
U002137,2025-10-01,streaming
U002138,2025-10-01,none
U002139,2025-10-01,none
U002140,2025-10-01,none
U002141,2025-10-01,music
U002142,2025-10-01,cloud
U002143,2025-10-01,music
U002144,2025-10-01,music
U002145,2025-10-01,cloud
U002146,2025-10-01,mobile
U002147,2025-10-01,insurance
U002148,2025-10-01,cloud
U002149,2025-10-01,none
U002150,2025-10-01,music
U002151,2025-10-01,music
U002152,2025-10-01,insurance
U002153,2025-10-01,insurance
U002154,2025-10-01,none
U002155,2025-10-01,music
U002156,2025-10-01,none
U002157,2025-10-01,insurance
U002158,2025-10-01,none
U002159,2025-10-01,software
U002160,2025-10-01,mobile
U002161,2025-10-01,cloud
U002162,2025-10-01,mobile
U002163,2025-10-01,software
U002164,2025-10-01,insurance
U002165,2025-10-01,music
U002166,2025-10-01,music
U002167,2025-10-01,gym
U002168,2025-10-01,none
U002169,2025-10-01,none
U002170,2025-10-01,none
U002171,2025-10-01,cloud
U002172,2025-10-01,mobile
U002173,2025-10-01,none
U002174,2025-10-01,none
U002175,2025-10-01,software
U002176,2025-10-01,none
U002177,2025-10-01,mobile
U002178,2025-10-01,streaming
U002179,2025-10-01,none
U002180,2025-10-01,mobile
U002181,2025-10-01,mobile
U002182,2025-10-01,mobile
U002183,2025-10-01,insurance
U002184,2025-10-01,gym
U002185,2025-10-01,mobile
U002186,2025-10-01,none
U002187,2025-10-01,insurance
U002188,2025-10-01,none
U002189,2025-10-01,insurance
U002190,2025-10-01,streaming
U002191,2025-10-01,music
U002192,2025-10-01,none
U002193,2025-10-01,insurance
U002194,2025-10-01,none
U002195,2025-10-01,gym
U002196,2025-10-01,streaming
U002197,2025-10-01,none
U002198,2025-10-01,software
U002199,2025-10-01,none
U002200,2025-10-01,none
U002201,2025-10-01,mobile
U002202,2025-10-01,music
U002203,2025-10-01,streaming
U002204,2025-10-01,gym
U002205,2025-10-01,gym
U002206,2025-10-01,gym
U002207,2025-10-01,cloud
U002208,2025-10-01,software
U002209,2025-10-01,none
U002210,2025-10-01,none
U002211,2025-10-01,cloud
U002212,2025-10-01,software
U002213,2025-10-01,streaming
U002214,2025-10-01,insurance
U002215,2025-10-01,software
U002216,2025-10-01,none
U002217,2025-10-01,none
U002218,2025-10-01,music
U002219,2025-10-01,none
U002220,2025-10-01,none
U002221,2025-10-01,insurance
U002222,2025-10-01,streaming
U002223,2025-10-01,software
U002224,2025-10-01,software
U002225,2025-10-01,gym
U002226,2025-10-01,none
U002227,2025-10-01,none
U002228,2025-10-01,none
U002229,2025-10-01,none
U002230,2025-10-01,none
U002231,2025-10-01,none
U002232,2025-10-01,gym
U002233,2025-10-01,mobile
U002234,2025-10-01,none
U002235,2025-10-01,software
U002236,2025-10-01,mobile
U002237,2025-10-01,none
U002238,2025-10-01,insurance
U002239,2025-10-01,streaming
U002240,2025-10-01,none
U002241,2025-10-01,music
U002242,2025-10-01,software
U002243,2025-10-01,software
U002244,2025-10-01,cloud
U002245,2025-10-01,software
U002246,2025-10-01,music
U002247,2025-10-01,mobile
U002248,2025-10-01,none
U002249,2025-10-01,mobile
U002250,2025-10-01,none
U002251,2025-10-01,software
U002252,2025-10-01,music
U002253,2025-10-01,mobile
U002254,2025-10-01,none
U002255,2025-10-01,none
U002256,2025-10-01,insurance
U002257,2025-10-01,none
U002258,2025-10-01,none
U002259,2025-10-01,none
U002260,2025-10-01,none
U002261,2025-10-01,cloud
U002262,2025-10-01,none
U002263,2025-10-01,cloud
U002264,2025-10-01,none
U002265,2025-10-01,none
U002266,2025-10-01,streaming
U002267,2025-10-01,insurance
U002268,2025-10-01,mobile
U002269,2025-10-01,none
U002270,2025-10-01,mobile
U002271,2025-10-01,mobile
U002272,2025-10-01,software
U002273,2025-10-01,cloud
U002274,2025-10-01,insurance
U002275,2025-10-01,none
U002276,2025-10-01,none
U002277,2025-10-01,music
U002278,2025-10-01,software
U002279,2025-10-01,insurance
U002280,2025-10-01,gym
U002281,2025-10-01,none
U002282,2025-10-01,cloud
U002283,2025-10-01,streaming
U002284,2025-10-01,music
U002285,2025-10-01,cloud
U002286,2025-10-01,streaming
U002287,2025-10-01,cloud
U002288,2025-10-01,gym
U002289,2025-10-01,none
U002290,2025-10-01,mobile
U002291,2025-10-01,music
U002292,2025-10-01,streaming
U002293,2025-10-01,software
U002294,2025-10-01,insurance
U002295,2025-10-01,none
U002296,2025-10-01,insurance
U002297,2025-10-01,none
U002298,2025-10-01,mobile
U002299,2025-10-01,insurance
U002300,2025-10-01,gym
U002301,2025-10-01,gym
U002302,2025-10-01,insurance
U002303,2025-10-01,music
U002304,2025-10-01,none
U002305,2025-10-01,software
U002306,2025-10-01,none
U002307,2025-10-01,streaming
U002308,2025-10-01,mobile
U002309,2025-10-01,software
U002310,2025-10-01,none
U002311,2025-10-01,gym
U002312,2025-10-01,cloud
U002313,2025-10-01,software
U002314,2025-10-01,gym
U002315,2025-10-01,software
U002316,2025-10-01,insurance
U002317,2025-10-01,none
U002318,2025-10-01,software
U002319,2025-10-01,streaming
U002320,2025-10-01,none
U002321,2025-10-01,streaming
U002322,2025-10-01,cloud
U002323,2025-10-01,software
U002324,2025-10-01,none
U002325,2025-10-01,none
U002326,2025-10-01,gym
U002327,2025-10-01,gym
U002328,2025-10-01,none
U002329,2025-10-01,insurance
U002330,2025-10-01,gym
U002331,2025-10-01,software
U002332,2025-10-01,software
U002333,2025-10-01,none
U002334,2025-10-01,music
U002335,2025-10-01,none
U002336,2025-10-01,music
U002337,2025-10-01,mobile
U002338,2025-10-01,insurance
U002339,2025-10-01,music
U002340,2025-10-01,gym
U002341,2025-10-01,none
U002342,2025-10-01,music
U002343,2025-10-01,none
U002344,2025-10-01,software
U002345,2025-10-01,none
U002346,2025-10-01,none
U002347,2025-10-01,music
U002348,2025-10-01,none
U002349,2025-10-01,gym
U002350,2025-10-01,none
U002351,2025-10-01,streaming
U002352,2025-10-01,mobile
U002353,2025-10-01,software
U002354,2025-10-01,none
U002355,2025-10-01,gym
U002356,2025-10-01,insurance
U002357,2025-10-01,none
U002358,2025-10-01,music
U002359,2025-10-01,none
U002360,2025-10-01,software
U002361,2025-10-01,none
U002362,2025-10-01,gym
U002363,2025-10-01,mobile
U002364,2025-10-01,software
U002365,2025-10-01,cloud
U002366,2025-10-01,none
U002367,2025-10-01,streaming
U002368,2025-10-01,streaming
U002369,2025-10-01,music
U002370,2025-10-01,none
U002371,2025-10-01,music
U002372,2025-10-01,none
U002373,2025-10-01,insurance
U002374,2025-10-01,none
U002375,2025-10-01,gym
U002376,2025-10-01,mobile
U002377,2025-10-01,gym
U002378,2025-10-01,none
U002379,2025-10-01,software
U002380,2025-10-01,none
U002381,2025-10-01,none
U002382,2025-10-01,cloud
U002383,2025-10-01,none
U002384,2025-10-01,software
U002385,2025-10-01,none
U002386,2025-10-01,software
U002387,2025-10-01,software
U002388,2025-10-01,streaming
U002389,2025-10-01,insurance
U002390,2025-10-01,insurance
U002391,2025-10-01,music
U002392,2025-10-01,none
U002393,2025-10-01,none
U002394,2025-10-01,none
U002395,2025-10-01,music
U002396,2025-10-01,none
U002397,2025-10-01,gym
U002398,2025-10-01,music
U002399,2025-10-01,cloud
U002400,2025-10-01,mobile
U002401,2025-10-01,cloud
U002402,2025-10-01,cloud
U002403,2025-10-01,none
U002404,2025-10-01,none
U002405,2025-10-01,insurance
U002406,2025-10-01,streaming
U002407,2025-10-01,none
U002408,2025-10-01,insurance
U002409,2025-10-01,gym
U002410,2025-10-01,none
U002411,2025-10-01,none
U002412,2025-10-01,gym
U002413,2025-10-01,software
U002414,2025-10-01,insurance
U002415,2025-10-01,streaming
U002416,2025-10-01,none
U002417,2025-10-01,cloud
U002418,2025-10-01,insurance
U002419,2025-10-01,none
U002420,2025-10-01,gym
U002421,2025-10-01,mobile
U002422,2025-10-01,none
U002423,2025-10-01,software
U002424,2025-10-01,insurance
U002425,2025-10-01,gym
U002426,2025-10-01,streaming
U002427,2025-10-01,none
U002428,2025-10-01,insurance
U002429,2025-10-01,cloud
U002430,2025-10-01,music
U002431,2025-10-01,none
U002432,2025-10-01,software
U002433,2025-10-01,gym
U002434,2025-10-01,none
U002435,2025-10-01,none
U002436,2025-10-01,insurance
U002437,2025-10-01,cloud
U002438,2025-10-01,mobile
U002439,2025-10-01,none
U002440,2025-10-01,cloud
U002441,2025-10-01,none
U002442,2025-10-01,music
U002443,2025-10-01,insurance
U002444,2025-10-01,software
U002445,2025-10-01,mobile
U002446,2025-10-01,none
U002447,2025-10-01,mobile
U002448,2025-10-01,none
U002449,2025-10-01,cloud
U002450,2025-10-01,none
U002451,2025-10-01,gym
U002452,2025-10-01,none
U002453,2025-10-01,none
U002454,2025-10-01,music
U002455,2025-10-01,insurance
U002456,2025-10-01,none
U002457,2025-10-01,none
U002458,2025-10-01,insurance
U002459,2025-10-01,none
U002460,2025-10-01,insurance
U002461,2025-10-01,gym
U002462,2025-10-01,streaming
U002463,2025-10-01,streaming
U002464,2025-10-01,insurance
U002465,2025-10-01,none
U002466,2025-10-01,none
U002467,2025-10-01,insurance
U002468,2025-10-01,gym
U002469,2025-10-01,music
U002470,2025-10-01,streaming
U002471,2025-10-01,none
U002472,2025-10-01,none
U002473,2025-10-01,none
U002474,2025-10-01,streaming
U002475,2025-10-01,none
U002476,2025-10-01,cloud
U002477,2025-10-01,software
U002478,2025-10-01,none
U002479,2025-10-01,none
U002480,2025-10-01,music
U002481,2025-10-01,cloud
U002482,2025-10-01,none
U002483,2025-10-01,gym
U002484,2025-10-01,gym
U002485,2025-10-01,insurance
U002486,2025-10-01,music
U002487,2025-10-01,mobile
U002488,2025-10-01,streaming
U002489,2025-10-01,mobile
U002490,2025-10-01,cloud
U002491,2025-10-01,none
U002492,2025-10-01,streaming
U002493,2025-10-01,streaming
U002494,2025-10-01,insurance
U002495,2025-10-01,none
U002496,2025-10-01,music
U002497,2025-10-01,none
U002498,2025-10-01,mobile
U002499,2025-10-01,gym
U002500,2025-10-01,none
U002501,2025-10-01,mobile
U002502,2025-10-01,none
U002503,2025-10-01,none
U002504,2025-10-01,cloud
U002505,2025-10-01,none
U002506,2025-10-01,none
U002507,2025-10-01,none
U002508,2025-10-01,none
U002509,2025-10-01,mobile
U002510,2025-10-01,cloud
U002511,2025-10-01,insurance
U002512,2025-10-01,software
U002513,2025-10-01,mobile
U002514,2025-10-01,software
U002515,2025-10-01,none
U002516,2025-10-01,none
U002517,2025-10-01,none
U002518,2025-10-01,music
U002519,2025-10-01,none
U002520,2025-10-01,none
U002521,2025-10-01,streaming
U002522,2025-10-01,music
U002523,2025-10-01,mobile
U002524,2025-10-01,none
U002525,2025-10-01,mobile
U002526,2025-10-01,streaming
U002527,2025-10-01,software
U002528,2025-10-01,none
U002529,2025-10-01,mobile
U002530,2025-10-01,none
U002531,2025-10-01,none
U002532,2025-10-01,gym
U002533,2025-10-01,insurance
U002534,2025-10-01,none
U002535,2025-10-01,cloud
U002536,2025-10-01,cloud
U002537,2025-10-01,none
U002538,2025-10-01,insurance
U002539,2025-10-01,none
U002540,2025-10-01,mobile
U002541,2025-10-01,insurance
U002542,2025-10-01,cloud
U002543,2025-10-01,music
U002544,2025-10-01,mobile
U002545,2025-10-01,none
U002546,2025-10-01,gym
U002547,2025-10-01,none
U002548,2025-10-01,insurance
U002549,2025-10-01,none
U002550,2025-10-01,none
U002551,2025-10-01,streaming
U002552,2025-10-01,cloud
U002553,2025-10-01,software
U002554,2025-10-01,software
U002555,2025-10-01,none
U002556,2025-10-01,music
U002557,2025-10-01,insurance
U002558,2025-10-01,cloud
U002559,2025-10-01,software
U002560,2025-10-01,cloud
U002561,2025-10-01,music
U002562,2025-10-01,streaming
U002563,2025-10-01,insurance
U002564,2025-10-01,none
U002565,2025-10-01,gym
U002566,2025-10-01,none
U002567,2025-10-01,music
U002568,2025-10-01,cloud
U002569,2025-10-01,cloud
U002570,2025-10-01,none
U002571,2025-10-01,mobile
U002572,2025-10-01,gym
U002573,2025-10-01,software
U002574,2025-10-01,software
U002575,2025-10-01,mobile
U002576,2025-10-01,gym
U002577,2025-10-01,none
U002578,2025-10-01,music
U002579,2025-10-01,mobile
U002580,2025-10-01,none
U002581,2025-10-01,none
U002582,2025-10-01,insurance
U002583,2025-10-01,music
U002584,2025-10-01,none
U002585,2025-10-01,none
U002586,2025-10-01,none
U002587,2025-10-01,none
U002588,2025-10-01,mobile
U002589,2025-10-01,streaming
U002590,2025-10-01,mobile
U002591,2025-10-01,gym
U002592,2025-10-01,cloud
U002593,2025-10-01,none
U002594,2025-10-01,software
U002595,2025-10-01,none
U002596,2025-10-01,none
U002597,2025-10-01,gym
U002598,2025-10-01,insurance
U002599,2025-10-01,software
U002600,2025-10-01,none
U002601,2025-10-01,gym
U002602,2025-10-01,software
U002603,2025-10-01,software
U002604,2025-10-01,mobile
U002605,2025-10-01,music
U002606,2025-10-01,none
U002607,2025-10-01,none
U002608,2025-10-01,none
U002609,2025-10-01,streaming
U002610,2025-10-01,software
U002611,2025-10-01,mobile
U002612,2025-10-01,insurance
U002613,2025-10-01,music
U002614,2025-10-01,none
U002615,2025-10-01,streaming
U002616,2025-10-01,none
U002617,2025-10-01,cloud
U002618,2025-10-01,streaming
U002619,2025-10-01,gym
U002620,2025-10-01,insurance
U002621,2025-10-01,software
U002622,2025-10-01,none
U002623,2025-10-01,software
U002624,2025-10-01,gym
U002625,2025-10-01,cloud
U002626,2025-10-01,software
U002627,2025-10-01,none
U002628,2025-10-01,software
U002629,2025-10-01,insurance
U002630,2025-10-01,music
U002631,2025-10-01,streaming
U002632,2025-10-01,none
U002633,2025-10-01,music
U002634,2025-10-01,mobile
U002635,2025-10-01,insurance
U002636,2025-10-01,music
U002637,2025-10-01,none
U002638,2025-10-01,none
U002639,2025-10-01,mobile
U002640,2025-10-01,insurance
U002641,2025-10-01,mobile
U002642,2025-10-01,none
U002643,2025-10-01,music
U002644,2025-10-01,none
U002645,2025-10-01,streaming
U002646,2025-10-01,none
U002647,2025-10-01,none
U002648,2025-10-01,none
U002649,2025-10-01,gym
U002650,2025-10-01,none
U002651,2025-10-01,none
U002652,2025-10-01,none
U002653,2025-10-01,streaming
U002654,2025-10-01,cloud
U002655,2025-10-01,software
U002656,2025-10-01,none
U002657,2025-10-01,music
U002658,2025-10-01,gym
U002659,2025-10-01,none
U002660,2025-10-01,none
U002661,2025-10-01,streaming
U002662,2025-10-01,cloud
U002663,2025-10-01,none
U002664,2025-10-01,gym
U002665,2025-10-01,none
U002666,2025-10-01,mobile
U002667,2025-10-01,mobile
U002668,2025-10-01,cloud
U002669,2025-10-01,cloud
U002670,2025-10-01,streaming
U002671,2025-10-01,none
U002672,2025-10-01,insurance
U002673,2025-10-01,streaming
U002674,2025-10-01,cloud
U002675,2025-10-01,gym
U002676,2025-10-01,insurance
U002677,2025-10-01,none
U002678,2025-10-01,cloud
U002679,2025-10-01,none
U002680,2025-10-01,cloud
U002681,2025-10-01,streaming
U002682,2025-10-01,music
U002683,2025-10-01,streaming
U002684,2025-10-01,none
U002685,2025-10-01,gym
U002686,2025-10-01,none
U002687,2025-10-01,none
U002688,2025-10-01,none
U002689,2025-10-01,mobile
U002690,2025-10-01,software
U002691,2025-10-01,insurance
U002692,2025-10-01,none
U002693,2025-10-01,gym
U002694,2025-10-01,none
U002695,2025-10-01,streaming
U002696,2025-10-01,none
U002697,2025-10-01,none
U002698,2025-10-01,gym
U002699,2025-10-01,insurance
U002700,2025-10-01,mobile
U002701,2025-10-01,music
U002702,2025-10-01,mobile
U002703,2025-10-01,insurance
U002704,2025-10-01,music
U002705,2025-10-01,insurance
U002706,2025-10-01,insurance
U002707,2025-10-01,none
U002708,2025-10-01,none
U002709,2025-10-01,none
U002710,2025-10-01,none
U002711,2025-10-01,mobile
U002712,2025-10-01,none
U002713,2025-10-01,none
U002714,2025-10-01,software
U002715,2025-10-01,mobile
U002716,2025-10-01,none
U002717,2025-10-01,cloud
U002718,2025-10-01,streaming
U002719,2025-10-01,cloud
U002720,2025-10-01,none
U002721,2025-10-01,music
U002722,2025-10-01,cloud
U002723,2025-10-01,insurance
U002724,2025-10-01,none
U002725,2025-10-01,insurance
U002726,2025-10-01,none
U002727,2025-10-01,none
U002728,2025-10-01,none
U002729,2025-10-01,none
U002730,2025-10-01,mobile
U002731,2025-10-01,none
U002732,2025-10-01,none
U002733,2025-10-01,none
U002734,2025-10-01,mobile
U002735,2025-10-01,streaming
U002736,2025-10-01,gym
U002737,2025-10-01,gym
U002738,2025-10-01,none
U002739,2025-10-01,cloud
U002740,2025-10-01,cloud
U002741,2025-10-01,streaming
U002742,2025-10-01,mobile
U002743,2025-10-01,mobile
U002744,2025-10-01,none
U002745,2025-10-01,music
U002746,2025-10-01,gym
U002747,2025-10-01,software
U002748,2025-10-01,gym
U002749,2025-10-01,mobile
U002750,2025-10-01,streaming
U002751,2025-10-01,none
U002752,2025-10-01,none
U002753,2025-10-01,none
U002754,2025-10-01,none
U002755,2025-10-01,streaming
U002756,2025-10-01,software
U002757,2025-10-01,none
U002758,2025-10-01,insurance
U002759,2025-10-01,none
U002760,2025-10-01,gym
U002761,2025-10-01,none
U002762,2025-10-01,mobile
U002763,2025-10-01,music
U002764,2025-10-01,none
U002765,2025-10-01,music
U002766,2025-10-01,software
U002767,2025-10-01,cloud
U002768,2025-10-01,none
U002769,2025-10-01,mobile
U002770,2025-10-01,cloud
U002771,2025-10-01,none
U002772,2025-10-01,music
U002773,2025-10-01,mobile
U002774,2025-10-01,cloud
U002775,2025-10-01,none
U002776,2025-10-01,insurance
U002777,2025-10-01,streaming
U002778,2025-10-01,gym
U002779,2025-10-01,none
U002780,2025-10-01,none
U002781,2025-10-01,music
U002782,2025-10-01,streaming
U002783,2025-10-01,streaming
U002784,2025-10-01,music
U002785,2025-10-01,cloud
U002786,2025-10-01,cloud
U002787,2025-10-01,none
U002788,2025-10-01,none
U002789,2025-10-01,cloud
U002790,2025-10-01,streaming
U002791,2025-10-01,mobile
U002792,2025-10-01,insurance
U002793,2025-10-01,software
U002794,2025-10-01,none
U002795,2025-10-01,cloud
U002796,2025-10-01,none
U002797,2025-10-01,music
U002798,2025-10-01,mobile
U002799,2025-10-01,insurance
U002800,2025-10-01,mobile
U002801,2025-10-01,streaming
U002802,2025-10-01,none
U002803,2025-10-01,software
U002804,2025-10-01,streaming
U002805,2025-10-01,none
U002806,2025-10-01,none
U002807,2025-10-01,none
U002808,2025-10-01,none
U002809,2025-10-01,mobile
U002810,2025-10-01,none
U002811,2025-10-01,none
U002812,2025-10-01,none
U002813,2025-10-01,mobile
U002814,2025-10-01,none
U002815,2025-10-01,none
U002816,2025-10-01,mobile
U002817,2025-10-01,music
U002818,2025-10-01,none
U002819,2025-10-01,streaming
U002820,2025-10-01,software
U002821,2025-10-01,none
U002822,2025-10-01,insurance
U002823,2025-10-01,music
U002824,2025-10-01,mobile
U002825,2025-10-01,none
U002826,2025-10-01,gym
U002827,2025-10-01,music
U002828,2025-10-01,insurance
U002829,2025-10-01,music
U002830,2025-10-01,streaming
U002831,2025-10-01,cloud
U002832,2025-10-01,insurance
U002833,2025-10-01,music
U002834,2025-10-01,software
U002835,2025-10-01,music
U002836,2025-10-01,streaming
U002837,2025-10-01,software
U002838,2025-10-01,music
U002839,2025-10-01,cloud
U002840,2025-10-01,none
U002841,2025-10-01,gym
U002842,2025-10-01,streaming
U002843,2025-10-01,software
U002844,2025-10-01,software
U002845,2025-10-01,none
U002846,2025-10-01,none
U002847,2025-10-01,gym
U002848,2025-10-01,software
U002849,2025-10-01,gym
U002850,2025-10-01,music
U002851,2025-10-01,cloud
U002852,2025-10-01,insurance
U002853,2025-10-01,none
U002854,2025-10-01,none
U002855,2025-10-01,mobile
U002856,2025-10-01,cloud
U002857,2025-10-01,none
U002858,2025-10-01,music
U002859,2025-10-01,streaming
U002860,2025-10-01,streaming
U002861,2025-10-01,insurance
U002862,2025-10-01,gym
U002863,2025-10-01,mobile
U002864,2025-10-01,gym
U002865,2025-10-01,cloud
U002866,2025-10-01,cloud
U002867,2025-10-01,gym
U002868,2025-10-01,none
U002869,2025-10-01,insurance
U002870,2025-10-01,gym
U002871,2025-10-01,insurance
U002872,2025-10-01,music
U002873,2025-10-01,none
U002874,2025-10-01,cloud
U002875,2025-10-01,mobile
U002876,2025-10-01,none
U002877,2025-10-01,mobile
U002878,2025-10-01,streaming
U002879,2025-10-01,none
U002880,2025-10-01,none
U002881,2025-10-01,none
U002882,2025-10-01,mobile
U002883,2025-10-01,none
U002884,2025-10-01,insurance
U002885,2025-10-01,cloud
U002886,2025-10-01,mobile
U002887,2025-10-01,mobile
U002888,2025-10-01,none
U002889,2025-10-01,insurance
U002890,2025-10-01,none
U002891,2025-10-01,none
U002892,2025-10-01,none
U002893,2025-10-01,mobile
U002894,2025-10-01,none
U002895,2025-10-01,gym
U002896,2025-10-01,none
U002897,2025-10-01,insurance
U002898,2025-10-01,none
U002899,2025-10-01,music
U002900,2025-10-01,insurance
U002901,2025-10-01,none
U002902,2025-10-01,mobile
U002903,2025-10-01,music
U002904,2025-10-01,none
U002905,2025-10-01,music
U002906,2025-10-01,none
U002907,2025-10-01,software
U002908,2025-10-01,cloud
U002909,2025-10-01,none
U002910,2025-10-01,none
U002911,2025-10-01,none
U002912,2025-10-01,mobile
U002913,2025-10-01,none
U002914,2025-10-01,streaming
U002915,2025-10-01,insurance
U002916,2025-10-01,gym
U002917,2025-10-01,insurance
U002918,2025-10-01,insurance
U002919,2025-10-01,streaming
U002920,2025-10-01,gym
U002921,2025-10-01,streaming
U002922,2025-10-01,software
U002923,2025-10-01,insurance
U002924,2025-10-01,gym
U002925,2025-10-01,gym
U002926,2025-10-01,none
U002927,2025-10-01,streaming
U002928,2025-10-01,music
U002929,2025-10-01,streaming
U002930,2025-10-01,mobile
U002931,2025-10-01,streaming
U002932,2025-10-01,none
U002933,2025-10-01,cloud
U002934,2025-10-01,insurance
U002935,2025-10-01,software
U002936,2025-10-01,music
U002937,2025-10-01,gym
U002938,2025-10-01,cloud
U002939,2025-10-01,none
U002940,2025-10-01,none
U002941,2025-10-01,insurance
U002942,2025-10-01,none
U002943,2025-10-01,mobile
U002944,2025-10-01,none
U002945,2025-10-01,software
U002946,2025-10-01,streaming
U002947,2025-10-01,cloud
U002948,2025-10-01,cloud
U002949,2025-10-01,insurance
U002950,2025-10-01,insurance
U002951,2025-10-01,cloud
U002952,2025-10-01,streaming
U002953,2025-10-01,none
U002954,2025-10-01,none
U002955,2025-10-01,streaming
U002956,2025-10-01,none
U002957,2025-10-01,software
U002958,2025-10-01,cloud
U002959,2025-10-01,insurance
U002960,2025-10-01,software
U002961,2025-10-01,streaming
U002962,2025-10-01,software
U002963,2025-10-01,insurance
U002964,2025-10-01,music
U002965,2025-10-01,cloud
U002966,2025-10-01,insurance
U002967,2025-10-01,software
U002968,2025-10-01,streaming
U002969,2025-10-01,insurance
U002970,2025-10-01,mobile
U002971,2025-10-01,insurance
U002972,2025-10-01,none
U002973,2025-10-01,mobile
U002974,2025-10-01,none
U002975,2025-10-01,gym
U002976,2025-10-01,insurance
U002977,2025-10-01,cloud
U002978,2025-10-01,mobile
U002979,2025-10-01,cloud
U002980,2025-10-01,software
U002981,2025-10-01,none
U002982,2025-10-01,music
U002983,2025-10-01,none
U002984,2025-10-01,insurance
U002985,2025-10-01,none
U002986,2025-10-01,mobile
U002987,2025-10-01,none
U002988,2025-10-01,mobile
U002989,2025-10-01,music
U002990,2025-10-01,music
U002991,2025-10-01,software
U002992,2025-10-01,none
U002993,2025-10-01,insurance
U002994,2025-10-01,music
U002995,2025-10-01,streaming
U002996,2025-10-01,none
U002997,2025-10-01,cloud
U002998,2025-10-01,none
U002999,2025-10-01,insurance
U003000,2025-10-01,mobile
U003001,2025-10-01,cloud
U003002,2025-10-01,none
U003003,2025-10-01,software
U003004,2025-10-01,none
U003005,2025-10-01,mobile
U003006,2025-10-01,none
U003007,2025-10-01,mobile
U003008,2025-10-01,music
U003009,2025-10-01,insurance
U003010,2025-10-01,insurance
U003011,2025-10-01,none
U003012,2025-10-01,mobile
U003013,2025-10-01,gym
U003014,2025-10-01,streaming
U003015,2025-10-01,software
U003016,2025-10-01,software
U003017,2025-10-01,gym
U003018,2025-10-01,none
U003019,2025-10-01,cloud
U003020,2025-10-01,music
U003021,2025-10-01,gym
U003022,2025-10-01,none
U003023,2025-10-01,cloud
U003024,2025-10-01,gym
U003025,2025-10-01,none
U003026,2025-10-01,gym
U003027,2025-10-01,cloud
U003028,2025-10-01,streaming
U003029,2025-10-01,none
U003030,2025-10-01,none
U003031,2025-10-01,mobile
U003032,2025-10-01,none
U003033,2025-10-01,none
U003034,2025-10-01,gym
U003035,2025-10-01,streaming
U003036,2025-10-01,none
U003037,2025-10-01,none
U003038,2025-10-01,streaming
U003039,2025-10-01,none
U003040,2025-10-01,insurance
U003041,2025-10-01,none
U003042,2025-10-01,streaming
U003043,2025-10-01,none
U003044,2025-10-01,gym
U003045,2025-10-01,mobile
U003046,2025-10-01,none
U003047,2025-10-01,software
U003048,2025-10-01,mobile
U003049,2025-10-01,insurance
U003050,2025-10-01,gym
U003051,2025-10-01,music
U003052,2025-10-01,streaming
U003053,2025-10-01,none
U003054,2025-10-01,cloud
U003055,2025-10-01,software
U003056,2025-10-01,insurance
U003057,2025-10-01,none
U003058,2025-10-01,music
U003059,2025-10-01,mobile
U003060,2025-10-01,none
U003061,2025-10-01,music
U003062,2025-10-01,cloud
U003063,2025-10-01,gym
U003064,2025-10-01,none
U003065,2025-10-01,gym
U003066,2025-10-01,cloud
U003067,2025-10-01,cloud
U003068,2025-10-01,none
U003069,2025-10-01,mobile
U003070,2025-10-01,none
U003071,2025-10-01,gym
U003072,2025-10-01,software
U003073,2025-10-01,gym
U003074,2025-10-01,none
U003075,2025-10-01,software
U003076,2025-10-01,software
U003077,2025-10-01,none
U003078,2025-10-01,none
U003079,2025-10-01,none
U003080,2025-10-01,cloud
U003081,2025-10-01,cloud
U003082,2025-10-01,music
U003083,2025-10-01,none
U003084,2025-10-01,mobile
U003085,2025-10-01,mobile
U003086,2025-10-01,mobile
U003087,2025-10-01,insurance
U003088,2025-10-01,none
U003089,2025-10-01,insurance
U003090,2025-10-01,music
U003091,2025-10-01,insurance
U003092,2025-10-01,cloud
U003093,2025-10-01,gym
U003094,2025-10-01,software
U003095,2025-10-01,music
U003096,2025-10-01,none
U003097,2025-10-01,gym
U003098,2025-10-01,none
U003099,2025-10-01,none
U003100,2025-10-01,gym
U003101,2025-10-01,streaming
U003102,2025-10-01,none
U003103,2025-10-01,music
U003104,2025-10-01,streaming
U003105,2025-10-01,none
U003106,2025-10-01,mobile
U003107,2025-10-01,none
U003108,2025-10-01,none
U003109,2025-10-01,streaming
U003110,2025-10-01,cloud
U003111,2025-10-01,gym
U003112,2025-10-01,none
U003113,2025-10-01,insurance
U003114,2025-10-01,none
U003115,2025-10-01,software
U003116,2025-10-01,music
U003117,2025-10-01,mobile
U003118,2025-10-01,cloud
U003119,2025-10-01,cloud
U003120,2025-10-01,cloud
U003121,2025-10-01,insurance
U003122,2025-10-01,streaming
U003123,2025-10-01,software
U003124,2025-10-01,none
U003125,2025-10-01,insurance
U003126,2025-10-01,gym
U003127,2025-10-01,gym
U003128,2025-10-01,insurance
U003129,2025-10-01,mobile
U003130,2025-10-01,mobile
U003131,2025-10-01,none
U003132,2025-10-01,cloud
U003133,2025-10-01,insurance
U003134,2025-10-01,none
U003135,2025-10-01,none
U003136,2025-10-01,none
U003137,2025-10-01,none
U003138,2025-10-01,none
U003139,2025-10-01,none
U003140,2025-10-01,streaming
U003141,2025-10-01,none
U003142,2025-10-01,none
U003143,2025-10-01,none
U003144,2025-10-01,mobile
U003145,2025-10-01,streaming
U003146,2025-10-01,cloud
U003147,2025-10-01,none
U003148,2025-10-01,none
U003149,2025-10-01,gym
U003150,2025-10-01,cloud
U003151,2025-10-01,streaming
U003152,2025-10-01,insurance
U003153,2025-10-01,streaming
U003154,2025-10-01,none
U003155,2025-10-01,software
U003156,2025-10-01,none
U003157,2025-10-01,mobile
U003158,2025-10-01,none
U003159,2025-10-01,cloud
U003160,2025-10-01,cloud
U003161,2025-10-01,streaming
U003162,2025-10-01,gym
U003163,2025-10-01,music
U003164,2025-10-01,none
U003165,2025-10-01,streaming
U003166,2025-10-01,music
U003167,2025-10-01,insurance
U003168,2025-10-01,software
U003169,2025-10-01,none
U003170,2025-10-01,cloud
U003171,2025-10-01,none
U003172,2025-10-01,none
U003173,2025-10-01,cloud
U003174,2025-10-01,software
U003175,2025-10-01,cloud
U003176,2025-10-01,streaming
U003177,2025-10-01,none
U003178,2025-10-01,none
U003179,2025-10-01,streaming
U003180,2025-10-01,none
U003181,2025-10-01,gym
U003182,2025-10-01,insurance
U003183,2025-10-01,none
U003184,2025-10-01,music
U003185,2025-10-01,mobile
U003186,2025-10-01,none
U003187,2025-10-01,gym
U003188,2025-10-01,music
U003189,2025-10-01,music
U003190,2025-10-01,none
U003191,2025-10-01,gym
U003192,2025-10-01,software
U003193,2025-10-01,none
U003194,2025-10-01,gym
U003195,2025-10-01,insurance
U003196,2025-10-01,music
U003197,2025-10-01,insurance
U003198,2025-10-01,gym
U003199,2025-10-01,streaming
U003200,2025-10-01,gym
U003201,2025-10-01,gym
U003202,2025-10-01,none
U003203,2025-10-01,gym
U003204,2025-10-01,mobile
U003205,2025-10-01,none
U003206,2025-10-01,mobile
U003207,2025-10-01,streaming
U003208,2025-10-01,music
U003209,2025-10-01,insurance
U003210,2025-10-01,none
U003211,2025-10-01,streaming
U003212,2025-10-01,streaming
U003213,2025-10-01,gym
U003214,2025-10-01,none
U003215,2025-10-01,insurance
U003216,2025-10-01,gym
U003217,2025-10-01,none
U003218,2025-10-01,software
U003219,2025-10-01,music
U003220,2025-10-01,software
U003221,2025-10-01,none
U003222,2025-10-01,software
U003223,2025-10-01,software
U003224,2025-10-01,none
U003225,2025-10-01,gym
U003226,2025-10-01,music
U003227,2025-10-01,none
U003228,2025-10-01,streaming
U003229,2025-10-01,none
U003230,2025-10-01,music
U003231,2025-10-01,streaming
U003232,2025-10-01,insurance
U003233,2025-10-01,software
U003234,2025-10-01,gym
U003235,2025-10-01,music
U003236,2025-10-01,insurance
U003237,2025-10-01,insurance
U003238,2025-10-01,music
U003239,2025-10-01,none
U003240,2025-10-01,cloud
U003241,2025-10-01,streaming
U003242,2025-10-01,none
U003243,2025-10-01,music
U003244,2025-10-01,cloud
U003245,2025-10-01,gym
U003246,2025-10-01,none
U003247,2025-10-01,none
U003248,2025-10-01,software
U003249,2025-10-01,gym
U003250,2025-10-01,gym
U003251,2025-10-01,streaming
U003252,2025-10-01,cloud
U003253,2025-10-01,streaming
U003254,2025-10-01,none
U003255,2025-10-01,insurance
U003256,2025-10-01,none
U003257,2025-10-01,none
U003258,2025-10-01,none
U003259,2025-10-01,gym
U003260,2025-10-01,streaming
U003261,2025-10-01,cloud
U003262,2025-10-01,streaming
U003263,2025-10-01,cloud
U003264,2025-10-01,none
U003265,2025-10-01,gym
U003266,2025-10-01,none
U003267,2025-10-01,none
U003268,2025-10-01,streaming
U003269,2025-10-01,none
U003270,2025-10-01,music
U003271,2025-10-01,none
U003272,2025-10-01,gym
U003273,2025-10-01,none
U003274,2025-10-01,software
U003275,2025-10-01,gym
U003276,2025-10-01,none
U003277,2025-10-01,gym
U003278,2025-10-01,software
U003279,2025-10-01,mobile
U003280,2025-10-01,cloud
U003281,2025-10-01,gym
U003282,2025-10-01,music
U003283,2025-10-01,mobile
U003284,2025-10-01,none
U003285,2025-10-01,none
U003286,2025-10-01,none
U003287,2025-10-01,insurance
U003288,2025-10-01,music
U003289,2025-10-01,gym
U003290,2025-10-01,cloud
U003291,2025-10-01,streaming
U003292,2025-10-01,software
U003293,2025-10-01,none
U003294,2025-10-01,none
U003295,2025-10-01,cloud
U003296,2025-10-01,software
U003297,2025-10-01,cloud
U003298,2025-10-01,streaming
U003299,2025-10-01,none
U003300,2025-10-01,gym
U003301,2025-10-01,insurance
U003302,2025-10-01,insurance
U003303,2025-10-01,music
U003304,2025-10-01,gym
U003305,2025-10-01,mobile
U003306,2025-10-01,insurance
U003307,2025-10-01,gym
U003308,2025-10-01,none
U003309,2025-10-01,mobile
U003310,2025-10-01,software
U003311,2025-10-01,music
U003312,2025-10-01,software
U003313,2025-10-01,mobile
U003314,2025-10-01,gym
U003315,2025-10-01,none
U003316,2025-10-01,music
U003317,2025-10-01,software
U003318,2025-10-01,cloud
U003319,2025-10-01,music
U003320,2025-10-01,software
U003321,2025-10-01,mobile
U003322,2025-10-01,cloud
U003323,2025-10-01,none
U003324,2025-10-01,mobile
U003325,2025-10-01,gym
U003326,2025-10-01,insurance
U003327,2025-10-01,music
U003328,2025-10-01,none
U003329,2025-10-01,gym
U003330,2025-10-01,streaming
U003331,2025-10-01,none
U003332,2025-10-01,none
U003333,2025-10-01,streaming
U003334,2025-10-01,streaming
U003335,2025-10-01,music
U003336,2025-10-01,none
U003337,2025-10-01,none
U003338,2025-10-01,gym
U003339,2025-10-01,none
U003340,2025-10-01,none
U003341,2025-10-01,streaming
U003342,2025-10-01,none
U003343,2025-10-01,streaming
U003344,2025-10-01,none
U003345,2025-10-01,none
U003346,2025-10-01,mobile
U003347,2025-10-01,streaming
U003348,2025-10-01,none
U003349,2025-10-01,mobile
U003350,2025-10-01,none
U003351,2025-10-01,none
U003352,2025-10-01,gym
U003353,2025-10-01,none
U003354,2025-10-01,none
U003355,2025-10-01,insurance
U003356,2025-10-01,software
U003357,2025-10-01,mobile
U003358,2025-10-01,gym
U003359,2025-10-01,streaming
U003360,2025-10-01,software
U003361,2025-10-01,cloud
U003362,2025-10-01,streaming
U003363,2025-10-01,none
U003364,2025-10-01,gym
U003365,2025-10-01,mobile
U003366,2025-10-01,mobile
U003367,2025-10-01,gym
U003368,2025-10-01,none
U003369,2025-10-01,insurance
U003370,2025-10-01,software
U003371,2025-10-01,none
U003372,2025-10-01,none
U003373,2025-10-01,none
U003374,2025-10-01,mobile
U003375,2025-10-01,software
U003376,2025-10-01,none
U003377,2025-10-01,gym
U003378,2025-10-01,none
U003379,2025-10-01,none
U003380,2025-10-01,software
U003381,2025-10-01,none
U003382,2025-10-01,streaming
U003383,2025-10-01,mobile
U003384,2025-10-01,none
U003385,2025-10-01,gym
U003386,2025-10-01,none
U003387,2025-10-01,cloud
U003388,2025-10-01,gym
U003389,2025-10-01,software
U003390,2025-10-01,streaming
U003391,2025-10-01,software
U003392,2025-10-01,none
U003393,2025-10-01,software
U003394,2025-10-01,cloud
U003395,2025-10-01,insurance
U003396,2025-10-01,software
U003397,2025-10-01,cloud
U003398,2025-10-01,software
U003399,2025-10-01,gym
U003400,2025-10-01,software
U003401,2025-10-01,software
U003402,2025-10-01,gym
U003403,2025-10-01,software
U003404,2025-10-01,software
U003405,2025-10-01,none
U003406,2025-10-01,gym
U003407,2025-10-01,insurance
U003408,2025-10-01,none
U003409,2025-10-01,streaming
U003410,2025-10-01,none
U003411,2025-10-01,none
U003412,2025-10-01,insurance
U003413,2025-10-01,insurance
U003414,2025-10-01,gym
U003415,2025-10-01,none
U003416,2025-10-01,cloud
U003417,2025-10-01,none
U003418,2025-10-01,none
U003419,2025-10-01,streaming
U003420,2025-10-01,music
U003421,2025-10-01,none
U003422,2025-10-01,cloud
U003423,2025-10-01,insurance
U003424,2025-10-01,none
U003425,2025-10-01,software
U003426,2025-10-01,mobile
U003427,2025-10-01,software
U003428,2025-10-01,music
U003429,2025-10-01,none
U003430,2025-10-01,gym
U003431,2025-10-01,insurance
U003432,2025-10-01,music
U003433,2025-10-01,gym
U003434,2025-10-01,music
U003435,2025-10-01,software
U003436,2025-10-01,none
U003437,2025-10-01,gym
U003438,2025-10-01,mobile
U003439,2025-10-01,insurance
U003440,2025-10-01,software
U003441,2025-10-01,insurance
U003442,2025-10-01,none
U003443,2025-10-01,mobile
U003444,2025-10-01,none
U003445,2025-10-01,music
U003446,2025-10-01,insurance
U003447,2025-10-01,none
U003448,2025-10-01,insurance
U003449,2025-10-01,none
U003450,2025-10-01,insurance
U003451,2025-10-01,cloud
U003452,2025-10-01,none
U003453,2025-10-01,none
U003454,2025-10-01,none
U003455,2025-10-01,mobile
U003456,2025-10-01,none
U003457,2025-10-01,software
U003458,2025-10-01,none
U003459,2025-10-01,gym
U003460,2025-10-01,insurance
U003461,2025-10-01,none
U003462,2025-10-01,mobile
U003463,2025-10-01,none
U003464,2025-10-01,none
U003465,2025-10-01,mobile
U003466,2025-10-01,music
U003467,2025-10-01,gym
U003468,2025-10-01,cloud
U003469,2025-10-01,none
U003470,2025-10-01,none
U003471,2025-10-01,gym
U003472,2025-10-01,insurance
U003473,2025-10-01,software
U003474,2025-10-01,none
U003475,2025-10-01,cloud
U003476,2025-10-01,none
U003477,2025-10-01,streaming
U003478,2025-10-01,gym
U003479,2025-10-01,gym
U003480,2025-10-01,cloud
U003481,2025-10-01,insurance
U003482,2025-10-01,none
U003483,2025-10-01,mobile
U003484,2025-10-01,software
U003485,2025-10-01,mobile
U003486,2025-10-01,none
U003487,2025-10-01,gym
U003488,2025-10-01,cloud
U003489,2025-10-01,cloud
U003490,2025-10-01,mobile
U003491,2025-10-01,software
U003492,2025-10-01,streaming
U003493,2025-10-01,none
U003494,2025-10-01,none
U003495,2025-10-01,none
U003496,2025-10-01,none
U003497,2025-10-01,cloud
U003498,2025-10-01,gym
U003499,2025-10-01,none
U003500,2025-10-01,insurance
U003501,2025-10-01,none
U003502,2025-10-01,gym
U003503,2025-10-01,none
U003504,2025-10-01,none
U003505,2025-10-01,mobile
U003506,2025-10-01,streaming
U003507,2025-10-01,none
U003508,2025-10-01,mobile
U003509,2025-10-01,software
U003510,2025-10-01,none
U003511,2025-10-01,none
U003512,2025-10-01,none
U003513,2025-10-01,mobile
U003514,2025-10-01,software
U003515,2025-10-01,none
U003516,2025-10-01,insurance
U003517,2025-10-01,streaming
U003518,2025-10-01,none
U003519,2025-10-01,cloud
U003520,2025-10-01,mobile
U003521,2025-10-01,none
U003522,2025-10-01,none
U003523,2025-10-01,cloud
U003524,2025-10-01,gym
U003525,2025-10-01,cloud
U003526,2025-10-01,none
U003527,2025-10-01,none
U003528,2025-10-01,gym
U003529,2025-10-01,software
U003530,2025-10-01,none
U003531,2025-10-01,insurance
U003532,2025-10-01,cloud
U003533,2025-10-01,gym
U003534,2025-10-01,none
U003535,2025-10-01,none
U003536,2025-10-01,music
U003537,2025-10-01,none
U003538,2025-10-01,none
U003539,2025-10-01,none
U003540,2025-10-01,music
U003541,2025-10-01,none
U003542,2025-10-01,gym
U003543,2025-10-01,software
U003544,2025-10-01,streaming
U003545,2025-10-01,gym
U003546,2025-10-01,software
U003547,2025-10-01,none
U003548,2025-10-01,insurance
U003549,2025-10-01,music
U003550,2025-10-01,none
U003551,2025-10-01,streaming
U003552,2025-10-01,none
U003553,2025-10-01,streaming
U003554,2025-10-01,mobile
U003555,2025-10-01,none
U003556,2025-10-01,software
U003557,2025-10-01,software
U003558,2025-10-01,none
U003559,2025-10-01,none
U003560,2025-10-01,software
U003561,2025-10-01,insurance
U003562,2025-10-01,cloud
U003563,2025-10-01,none
U003564,2025-10-01,none
U003565,2025-10-01,none
U003566,2025-10-01,none
U003567,2025-10-01,none
U003568,2025-10-01,music
U003569,2025-10-01,cloud
U003570,2025-10-01,none
U003571,2025-10-01,software
U003572,2025-10-01,software
U003573,2025-10-01,software
U003574,2025-10-01,music
U003575,2025-10-01,music
U003576,2025-10-01,none
U003577,2025-10-01,music
U003578,2025-10-01,software
U003579,2025-10-01,streaming
U003580,2025-10-01,none
U003581,2025-10-01,none
U003582,2025-10-01,none
U003583,2025-10-01,gym
U003584,2025-10-01,none
U003585,2025-10-01,none
U003586,2025-10-01,none
U003587,2025-10-01,software
U003588,2025-10-01,none
U003589,2025-10-01,none
U003590,2025-10-01,insurance
U003591,2025-10-01,none
U003592,2025-10-01,gym
U003593,2025-10-01,streaming
U003594,2025-10-01,none
U003595,2025-10-01,gym
U003596,2025-10-01,none
U003597,2025-10-01,none
U003598,2025-10-01,music
U003599,2025-10-01,none
U003600,2025-10-01,streaming
U003601,2025-10-01,none
U003602,2025-10-01,none
U003603,2025-10-01,streaming
U003604,2025-10-01,none
U003605,2025-10-01,cloud
U003606,2025-10-01,music
U003607,2025-10-01,gym
U003608,2025-10-01,none
U003609,2025-10-01,streaming
U003610,2025-10-01,none
U003611,2025-10-01,music
U003612,2025-10-01,cloud
U003613,2025-10-01,mobile
U003614,2025-10-01,streaming
U003615,2025-10-01,cloud
U003616,2025-10-01,insurance
U003617,2025-10-01,mobile
U003618,2025-10-01,music
U003619,2025-10-01,software
U003620,2025-10-01,mobile
U003621,2025-10-01,none
U003622,2025-10-01,none
U003623,2025-10-01,none
U003624,2025-10-01,none
U003625,2025-10-01,mobile
U003626,2025-10-01,gym
U003627,2025-10-01,software
U003628,2025-10-01,none
U003629,2025-10-01,music
U003630,2025-10-01,none
U003631,2025-10-01,gym
U003632,2025-10-01,software
U003633,2025-10-01,gym
U003634,2025-10-01,none
U003635,2025-10-01,none
U003636,2025-10-01,software
U003637,2025-10-01,mobile
U003638,2025-10-01,music
U003639,2025-10-01,gym
U003640,2025-10-01,none
U003641,2025-10-01,mobile
U003642,2025-10-01,mobile
U003643,2025-10-01,mobile
U003644,2025-10-01,mobile
U003645,2025-10-01,none
U003646,2025-10-01,music
U003647,2025-10-01,streaming
U003648,2025-10-01,music
U003649,2025-10-01,none
U003650,2025-10-01,streaming
U003651,2025-10-01,none
U003652,2025-10-01,insurance
U003653,2025-10-01,software
U003654,2025-10-01,none
U003655,2025-10-01,none
U003656,2025-10-01,gym
U003657,2025-10-01,insurance
U003658,2025-10-01,none
U003659,2025-10-01,none
U003660,2025-10-01,none
U003661,2025-10-01,none
U003662,2025-10-01,none
U003663,2025-10-01,software
U003664,2025-10-01,streaming
U003665,2025-10-01,none
U003666,2025-10-01,none
U003667,2025-10-01,none
U003668,2025-10-01,none
U003669,2025-10-01,none
U003670,2025-10-01,none
U003671,2025-10-01,none
U003672,2025-10-01,software
U003673,2025-10-01,gym
U003674,2025-10-01,music
U003675,2025-10-01,none
U003676,2025-10-01,insurance
U003677,2025-10-01,cloud
U003678,2025-10-01,software
U003679,2025-10-01,none
U003680,2025-10-01,cloud
U003681,2025-10-01,none
U003682,2025-10-01,mobile
U003683,2025-10-01,mobile
U003684,2025-10-01,software
U003685,2025-10-01,gym
U003686,2025-10-01,none
U003687,2025-10-01,none
U003688,2025-10-01,none
U003689,2025-10-01,cloud
U003690,2025-10-01,none
U003691,2025-10-01,software
U003692,2025-10-01,none
U003693,2025-10-01,music
U003694,2025-10-01,none
U003695,2025-10-01,music
U003696,2025-10-01,gym
U003697,2025-10-01,none
U003698,2025-10-01,music
U003699,2025-10-01,none
U003700,2025-10-01,music
U003701,2025-10-01,none
U003702,2025-10-01,insurance
U003703,2025-10-01,gym
U003704,2025-10-01,mobile
U003705,2025-10-01,music
U003706,2025-10-01,cloud
U003707,2025-10-01,software
U003708,2025-10-01,software
U003709,2025-10-01,cloud
U003710,2025-10-01,gym
U003711,2025-10-01,gym
U003712,2025-10-01,none
U003713,2025-10-01,mobile
U003714,2025-10-01,none
U003715,2025-10-01,none
U003716,2025-10-01,streaming
U003717,2025-10-01,none
U003718,2025-10-01,software
U003719,2025-10-01,none
U003720,2025-10-01,none
U003721,2025-10-01,streaming
U003722,2025-10-01,none
U003723,2025-10-01,gym
U003724,2025-10-01,software
U003725,2025-10-01,streaming
U003726,2025-10-01,gym
U003727,2025-10-01,insurance
U003728,2025-10-01,none
U003729,2025-10-01,none
U003730,2025-10-01,insurance
U003731,2025-10-01,cloud
U003732,2025-10-01,cloud
U003733,2025-10-01,software
U003734,2025-10-01,software
U003735,2025-10-01,music
U003736,2025-10-01,insurance
U003737,2025-10-01,mobile
U003738,2025-10-01,none
U003739,2025-10-01,none
U003740,2025-10-01,gym
U003741,2025-10-01,software
U003742,2025-10-01,music
U003743,2025-10-01,none
U003744,2025-10-01,streaming
U003745,2025-10-01,none
U003746,2025-10-01,cloud
U003747,2025-10-01,mobile
U003748,2025-10-01,streaming
U003749,2025-10-01,software
U003750,2025-10-01,music
U003751,2025-10-01,cloud
U003752,2025-10-01,insurance
U003753,2025-10-01,software
U003754,2025-10-01,none
U003755,2025-10-01,none
U003756,2025-10-01,mobile
U003757,2025-10-01,music
U003758,2025-10-01,software
U003759,2025-10-01,gym
U003760,2025-10-01,software
U003761,2025-10-01,gym
U003762,2025-10-01,insurance
U003763,2025-10-01,insurance
U003764,2025-10-01,cloud
U003765,2025-10-01,streaming
U003766,2025-10-01,none
U003767,2025-10-01,insurance
U003768,2025-10-01,none
U003769,2025-10-01,none
U003770,2025-10-01,insurance
U003771,2025-10-01,cloud
U003772,2025-10-01,none
U003773,2025-10-01,none
U003774,2025-10-01,music
U003775,2025-10-01,insurance
U003776,2025-10-01,none
U003777,2025-10-01,none
U003778,2025-10-01,none
U003779,2025-10-01,none
U003780,2025-10-01,none
U003781,2025-10-01,none
U003782,2025-10-01,none
U003783,2025-10-01,none
U003784,2025-10-01,streaming
U003785,2025-10-01,software
U003786,2025-10-01,none
U003787,2025-10-01,gym
U003788,2025-10-01,none
U003789,2025-10-01,mobile
U003790,2025-10-01,none
U003791,2025-10-01,none
U003792,2025-10-01,software
U003793,2025-10-01,mobile
U003794,2025-10-01,music
U003795,2025-10-01,none
U003796,2025-10-01,none
U003797,2025-10-01,none
U003798,2025-10-01,streaming
U003799,2025-10-01,none
U003800,2025-10-01,none
U003801,2025-10-01,none
U003802,2025-10-01,software
U003803,2025-10-01,none
U003804,2025-10-01,none
U003805,2025-10-01,software
U003806,2025-10-01,none
U003807,2025-10-01,gym
U003808,2025-10-01,cloud
U003809,2025-10-01,mobile
U003810,2025-10-01,none
U003811,2025-10-01,mobile
U003812,2025-10-01,insurance
U003813,2025-10-01,cloud
U003814,2025-10-01,streaming
U003815,2025-10-01,streaming
U003816,2025-10-01,cloud
U003817,2025-10-01,none
U003818,2025-10-01,gym
U003819,2025-10-01,streaming
U003820,2025-10-01,insurance
U003821,2025-10-01,music
U003822,2025-10-01,music
U003823,2025-10-01,none
U003824,2025-10-01,cloud
U003825,2025-10-01,insurance
U003826,2025-10-01,music
U003827,2025-10-01,none
U003828,2025-10-01,gym
U003829,2025-10-01,cloud
U003830,2025-10-01,streaming
U003831,2025-10-01,software
U003832,2025-10-01,none
U003833,2025-10-01,none
U003834,2025-10-01,none
U003835,2025-10-01,none
U003836,2025-10-01,none
U003837,2025-10-01,none
U003838,2025-10-01,streaming
U003839,2025-10-01,insurance
U003840,2025-10-01,streaming
U003841,2025-10-01,mobile
U003842,2025-10-01,software
U003843,2025-10-01,cloud
U003844,2025-10-01,software
U003845,2025-10-01,none
U003846,2025-10-01,gym
U003847,2025-10-01,gym
U003848,2025-10-01,none
U003849,2025-10-01,none
U003850,2025-10-01,music
U003851,2025-10-01,none
U003852,2025-10-01,streaming
U003853,2025-10-01,none
U003854,2025-10-01,none
U003855,2025-10-01,none
U003856,2025-10-01,none
U003857,2025-10-01,cloud
U003858,2025-10-01,none
U003859,2025-10-01,mobile
U003860,2025-10-01,none
U003861,2025-10-01,music
U003862,2025-10-01,mobile
U003863,2025-10-01,none
U003864,2025-10-01,insurance
U003865,2025-10-01,none
U003866,2025-10-01,none
U003867,2025-10-01,none
U003868,2025-10-01,streaming
U003869,2025-10-01,none
U003870,2025-10-01,none
U003871,2025-10-01,none
U003872,2025-10-01,music
U003873,2025-10-01,none
U003874,2025-10-01,none
U003875,2025-10-01,none
U003876,2025-10-01,mobile
U003877,2025-10-01,none
U003878,2025-10-01,cloud
U003879,2025-10-01,cloud
U003880,2025-10-01,streaming
U003881,2025-10-01,none
U003882,2025-10-01,none
U003883,2025-10-01,music
U003884,2025-10-01,software
U003885,2025-10-01,cloud
U003886,2025-10-01,cloud
U003887,2025-10-01,insurance
U003888,2025-10-01,none
U003889,2025-10-01,mobile
U003890,2025-10-01,gym
U003891,2025-10-01,none
U003892,2025-10-01,none
U003893,2025-10-01,gym
U003894,2025-10-01,software
U003895,2025-10-01,music
U003896,2025-10-01,gym
U003897,2025-10-01,gym
U003898,2025-10-01,gym
U003899,2025-10-01,streaming
U003900,2025-10-01,software
U003901,2025-10-01,software
U003902,2025-10-01,music
U003903,2025-10-01,none
U003904,2025-10-01,gym
U003905,2025-10-01,streaming
U003906,2025-10-01,none
U003907,2025-10-01,music
U003908,2025-10-01,software
U003909,2025-10-01,none
U003910,2025-10-01,none
U003911,2025-10-01,none
U003912,2025-10-01,music
U003913,2025-10-01,none
U003914,2025-10-01,insurance
U003915,2025-10-01,none
U003916,2025-10-01,none
U003917,2025-10-01,none
U003918,2025-10-01,gym
U003919,2025-10-01,cloud
U003920,2025-10-01,none
U003921,2025-10-01,none
U003922,2025-10-01,none
U003923,2025-10-01,none
U003924,2025-10-01,software
U003925,2025-10-01,none
U003926,2025-10-01,mobile
U003927,2025-10-01,gym
U003928,2025-10-01,music
U003929,2025-10-01,music
U003930,2025-10-01,software
U003931,2025-10-01,streaming
U003932,2025-10-01,none
U003933,2025-10-01,cloud
U003934,2025-10-01,mobile
U003935,2025-10-01,software
U003936,2025-10-01,cloud
U003937,2025-10-01,insurance
U003938,2025-10-01,none
U003939,2025-10-01,mobile
U003940,2025-10-01,none
U003941,2025-10-01,mobile
U003942,2025-10-01,none
U003943,2025-10-01,streaming
U003944,2025-10-01,software
U003945,2025-10-01,none
U003946,2025-10-01,software
U003947,2025-10-01,insurance
U003948,2025-10-01,gym
U003949,2025-10-01,music
U003950,2025-10-01,cloud
U003951,2025-10-01,music
U003952,2025-10-01,mobile
U003953,2025-10-01,music
U003954,2025-10-01,none
U003955,2025-10-01,cloud
U003956,2025-10-01,none
U003957,2025-10-01,gym
U003958,2025-10-01,insurance
U003959,2025-10-01,music
U003960,2025-10-01,mobile
U003961,2025-10-01,cloud
U003962,2025-10-01,software
U003963,2025-10-01,none
U003964,2025-10-01,music
U003965,2025-10-01,software
U003966,2025-10-01,gym
U003967,2025-10-01,insurance
U003968,2025-10-01,none
U003969,2025-10-01,music
U003970,2025-10-01,none
U003971,2025-10-01,streaming
U003972,2025-10-01,none
U003973,2025-10-01,mobile
U003974,2025-10-01,music
U003975,2025-10-01,software
U003976,2025-10-01,none
U003977,2025-10-01,streaming
U003978,2025-10-01,cloud
U003979,2025-10-01,music
U003980,2025-10-01,mobile
U003981,2025-10-01,none
U003982,2025-10-01,streaming
U003983,2025-10-01,streaming
U003984,2025-10-01,none
U003985,2025-10-01,none
U003986,2025-10-01,gym
U003987,2025-10-01,none
U003988,2025-10-01,music
U003989,2025-10-01,none
U003990,2025-10-01,none
U003991,2025-10-01,none
U003992,2025-10-01,gym
U003993,2025-10-01,none
U003994,2025-10-01,mobile
U003995,2025-10-01,none
U003996,2025-10-01,music
U003997,2025-10-01,none
U003998,2025-10-01,none
U003999,2025-10-01,none
U004000,2025-10-01,music
U004001,2025-10-01,none
U004002,2025-10-01,none
U004003,2025-10-01,insurance
U004004,2025-10-01,music
U004005,2025-10-01,cloud
U004006,2025-10-01,none
U004007,2025-10-01,mobile
U004008,2025-10-01,insurance
U004009,2025-10-01,cloud
U004010,2025-10-01,mobile
U004011,2025-10-01,none
U004012,2025-10-01,none
U004013,2025-10-01,none
U004014,2025-10-01,cloud
U004015,2025-10-01,none
U004016,2025-10-01,none
U004017,2025-10-01,none
U004018,2025-10-01,music
U004019,2025-10-01,none
U004020,2025-10-01,streaming
U004021,2025-10-01,streaming
U004022,2025-10-01,streaming
U004023,2025-10-01,none
U004024,2025-10-01,none
U004025,2025-10-01,streaming
U004026,2025-10-01,gym
U004027,2025-10-01,gym
U004028,2025-10-01,cloud
U004029,2025-10-01,music
U004030,2025-10-01,software
U004031,2025-10-01,cloud
U004032,2025-10-01,software
U004033,2025-10-01,mobile
U004034,2025-10-01,cloud
U004035,2025-10-01,none
U004036,2025-10-01,streaming
U004037,2025-10-01,none
U004038,2025-10-01,music
U004039,2025-10-01,cloud
U004040,2025-10-01,software
U004041,2025-10-01,none
U004042,2025-10-01,none
U004043,2025-10-01,music
U004044,2025-10-01,software
U004045,2025-10-01,gym
U004046,2025-10-01,mobile
U004047,2025-10-01,cloud
U004048,2025-10-01,music
U004049,2025-10-01,insurance
U004050,2025-10-01,mobile
U004051,2025-10-01,none
U004052,2025-10-01,streaming
U004053,2025-10-01,cloud
U004054,2025-10-01,mobile
U004055,2025-10-01,gym
U004056,2025-10-01,insurance
U004057,2025-10-01,cloud
U004058,2025-10-01,music
U004059,2025-10-01,software
U004060,2025-10-01,mobile
U004061,2025-10-01,cloud
U004062,2025-10-01,cloud
U004063,2025-10-01,gym
U004064,2025-10-01,gym
U004065,2025-10-01,cloud
U004066,2025-10-01,gym
U004067,2025-10-01,none
U004068,2025-10-01,gym
U004069,2025-10-01,none
U004070,2025-10-01,none
U004071,2025-10-01,none
U004072,2025-10-01,none
U004073,2025-10-01,music
U004074,2025-10-01,insurance
U004075,2025-10-01,software
U004076,2025-10-01,none
U004077,2025-10-01,none
U004078,2025-10-01,gym
U004079,2025-10-01,mobile
U004080,2025-10-01,gym
U004081,2025-10-01,music
U004082,2025-10-01,none
U004083,2025-10-01,mobile
U004084,2025-10-01,insurance
U004085,2025-10-01,software
U004086,2025-10-01,streaming
U004087,2025-10-01,none
U004088,2025-10-01,software
U004089,2025-10-01,streaming
U004090,2025-10-01,mobile
U004091,2025-10-01,none
U004092,2025-10-01,none
U004093,2025-10-01,insurance
U004094,2025-10-01,streaming
U004095,2025-10-01,streaming
U004096,2025-10-01,none
U004097,2025-10-01,none
U004098,2025-10-01,none
U004099,2025-10-01,cloud
U004100,2025-10-01,cloud
U004101,2025-10-01,none
U004102,2025-10-01,mobile
U004103,2025-10-01,insurance
U004104,2025-10-01,none
U004105,2025-10-01,software
U004106,2025-10-01,mobile
U004107,2025-10-01,none
U004108,2025-10-01,cloud
U004109,2025-10-01,gym
U004110,2025-10-01,insurance
U004111,2025-10-01,none
U004112,2025-10-01,gym
U004113,2025-10-01,insurance
U004114,2025-10-01,gym
U004115,2025-10-01,streaming
U004116,2025-10-01,cloud
U004117,2025-10-01,none
U004118,2025-10-01,none
U004119,2025-10-01,software
U004120,2025-10-01,streaming
U004121,2025-10-01,none
U004122,2025-10-01,mobile
U004123,2025-10-01,insurance
U004124,2025-10-01,none
U004125,2025-10-01,streaming
U004126,2025-10-01,mobile
U004127,2025-10-01,none
U004128,2025-10-01,streaming
U004129,2025-10-01,music
U004130,2025-10-01,none
U004131,2025-10-01,cloud
U004132,2025-10-01,music
U004133,2025-10-01,none
U004134,2025-10-01,software
U004135,2025-10-01,software
U004136,2025-10-01,none
U004137,2025-10-01,software
U004138,2025-10-01,none
U004139,2025-10-01,cloud
U004140,2025-10-01,none
U004141,2025-10-01,none
U004142,2025-10-01,cloud
U004143,2025-10-01,none
U004144,2025-10-01,none
U004145,2025-10-01,none
U004146,2025-10-01,none
U004147,2025-10-01,none
U004148,2025-10-01,none
U004149,2025-10-01,streaming
U004150,2025-10-01,insurance
U004151,2025-10-01,none
U004152,2025-10-01,none
U004153,2025-10-01,software
U004154,2025-10-01,streaming
U004155,2025-10-01,music
U004156,2025-10-01,software
U004157,2025-10-01,music
U004158,2025-10-01,insurance
U004159,2025-10-01,software
U004160,2025-10-01,streaming
U004161,2025-10-01,none
U004162,2025-10-01,insurance
U004163,2025-10-01,mobile
U004164,2025-10-01,music
U004165,2025-10-01,none
U004166,2025-10-01,gym
U004167,2025-10-01,mobile
U004168,2025-10-01,software
U004169,2025-10-01,software
U004170,2025-10-01,gym
U004171,2025-10-01,none
U004172,2025-10-01,insurance
U004173,2025-10-01,insurance
U004174,2025-10-01,cloud
U004175,2025-10-01,cloud
U004176,2025-10-01,none
U004177,2025-10-01,streaming
U004178,2025-10-01,none
U004179,2025-10-01,none
U004180,2025-10-01,music
U004181,2025-10-01,none
U004182,2025-10-01,mobile
U004183,2025-10-01,music
U004184,2025-10-01,none
U004185,2025-10-01,none
U004186,2025-10-01,none
U004187,2025-10-01,none
U004188,2025-10-01,gym
U004189,2025-10-01,music
U004190,2025-10-01,none
U004191,2025-10-01,music
U004192,2025-10-01,none
U004193,2025-10-01,gym
U004194,2025-10-01,streaming
U004195,2025-10-01,none
U004196,2025-10-01,streaming
U004197,2025-10-01,music
U004198,2025-10-01,none
U004199,2025-10-01,none
U004200,2025-10-01,none
U004201,2025-10-01,gym
U004202,2025-10-01,cloud
U004203,2025-10-01,none
U004204,2025-10-01,none
U004205,2025-10-01,none
U004206,2025-10-01,cloud
U004207,2025-10-01,none
U004208,2025-10-01,none
U004209,2025-10-01,streaming
U004210,2025-10-01,software
U004211,2025-10-01,none
U004212,2025-10-01,gym
U004213,2025-10-01,software
U004214,2025-10-01,mobile
U004215,2025-10-01,none
U004216,2025-10-01,music
U004217,2025-10-01,none
U004218,2025-10-01,software
U004219,2025-10-01,software
U004220,2025-10-01,software
U004221,2025-10-01,cloud
U004222,2025-10-01,streaming
U004223,2025-10-01,gym
U004224,2025-10-01,none
U004225,2025-10-01,software
U004226,2025-10-01,mobile
U004227,2025-10-01,none
U004228,2025-10-01,none
U004229,2025-10-01,music
U004230,2025-10-01,streaming
U004231,2025-10-01,none
U004232,2025-10-01,insurance
U004233,2025-10-01,mobile
U004234,2025-10-01,none
U004235,2025-10-01,none
U004236,2025-10-01,none
U004237,2025-10-01,mobile
U004238,2025-10-01,none
U004239,2025-10-01,mobile
U004240,2025-10-01,none
U004241,2025-10-01,software
U004242,2025-10-01,mobile
U004243,2025-10-01,insurance
U004244,2025-10-01,gym
U004245,2025-10-01,none
U004246,2025-10-01,none
U004247,2025-10-01,none
U004248,2025-10-01,none
U004249,2025-10-01,streaming
U004250,2025-10-01,insurance
U004251,2025-10-01,none
U004252,2025-10-01,music
U004253,2025-10-01,software
U004254,2025-10-01,mobile
U004255,2025-10-01,cloud
U004256,2025-10-01,none
U004257,2025-10-01,mobile
U004258,2025-10-01,none
U004259,2025-10-01,none
U004260,2025-10-01,none
U004261,2025-10-01,none
U004262,2025-10-01,none
U004263,2025-10-01,none
U004264,2025-10-01,none
U004265,2025-10-01,streaming
U004266,2025-10-01,music
U004267,2025-10-01,insurance
U004268,2025-10-01,none
U004269,2025-10-01,insurance
U004270,2025-10-01,streaming
U004271,2025-10-01,none
U004272,2025-10-01,streaming
U004273,2025-10-01,none
U004274,2025-10-01,insurance
U004275,2025-10-01,insurance
U004276,2025-10-01,music
U004277,2025-10-01,cloud
U004278,2025-10-01,insurance
U004279,2025-10-01,none
U004280,2025-10-01,insurance
U004281,2025-10-01,insurance
U004282,2025-10-01,mobile
U004283,2025-10-01,music
U004284,2025-10-01,gym
U004285,2025-10-01,none
U004286,2025-10-01,insurance
U004287,2025-10-01,none
U004288,2025-10-01,software
U004289,2025-10-01,software
U004290,2025-10-01,cloud
U004291,2025-10-01,gym
U004292,2025-10-01,insurance
U004293,2025-10-01,mobile
U004294,2025-10-01,cloud
U004295,2025-10-01,gym
U004296,2025-10-01,mobile
U004297,2025-10-01,software
U004298,2025-10-01,mobile
U004299,2025-10-01,software
U004300,2025-10-01,gym
U004301,2025-10-01,streaming
U004302,2025-10-01,none
U004303,2025-10-01,none
U004304,2025-10-01,none
U004305,2025-10-01,none
U004306,2025-10-01,music
U004307,2025-10-01,none
U004308,2025-10-01,none
U004309,2025-10-01,insurance
U004310,2025-10-01,none
U004311,2025-10-01,none
U004312,2025-10-01,cloud
U004313,2025-10-01,none
U004314,2025-10-01,none
U004315,2025-10-01,none
U004316,2025-10-01,software
U004317,2025-10-01,none
U004318,2025-10-01,none
U004319,2025-10-01,software
U004320,2025-10-01,gym
U004321,2025-10-01,mobile
U004322,2025-10-01,none
U004323,2025-10-01,streaming
U004324,2025-10-01,none
U004325,2025-10-01,gym
U004326,2025-10-01,none
U004327,2025-10-01,none
U004328,2025-10-01,gym
U004329,2025-10-01,insurance
U004330,2025-10-01,streaming
U004331,2025-10-01,none
U004332,2025-10-01,none
U004333,2025-10-01,mobile
U004334,2025-10-01,gym
U004335,2025-10-01,gym
U004336,2025-10-01,none
U004337,2025-10-01,software
U004338,2025-10-01,gym
U004339,2025-10-01,none
U004340,2025-10-01,gym
U004341,2025-10-01,cloud
U004342,2025-10-01,insurance
U004343,2025-10-01,none
U004344,2025-10-01,gym
U004345,2025-10-01,none
U004346,2025-10-01,none
U004347,2025-10-01,cloud
U004348,2025-10-01,cloud
U004349,2025-10-01,music
U004350,2025-10-01,none
U004351,2025-10-01,mobile
U004352,2025-10-01,insurance
U004353,2025-10-01,none
U004354,2025-10-01,cloud
U004355,2025-10-01,insurance
U004356,2025-10-01,gym
U004357,2025-10-01,none
U004358,2025-10-01,software
U004359,2025-10-01,mobile
U004360,2025-10-01,none
U004361,2025-10-01,software
U004362,2025-10-01,cloud
U004363,2025-10-01,cloud
U004364,2025-10-01,music
U004365,2025-10-01,gym
U004366,2025-10-01,software
U004367,2025-10-01,software
U004368,2025-10-01,streaming
U004369,2025-10-01,insurance
U004370,2025-10-01,mobile
U004371,2025-10-01,none
U004372,2025-10-01,mobile
U004373,2025-10-01,mobile
U004374,2025-10-01,mobile
U004375,2025-10-01,music
U004376,2025-10-01,gym
U004377,2025-10-01,streaming
U004378,2025-10-01,insurance
U004379,2025-10-01,none
U004380,2025-10-01,mobile
U004381,2025-10-01,mobile
U004382,2025-10-01,mobile
U004383,2025-10-01,none
U004384,2025-10-01,streaming
U004385,2025-10-01,cloud
U004386,2025-10-01,gym
U004387,2025-10-01,software
U004388,2025-10-01,software
U004389,2025-10-01,mobile
U004390,2025-10-01,insurance
U004391,2025-10-01,software
U004392,2025-10-01,none
U004393,2025-10-01,none
U004394,2025-10-01,mobile
U004395,2025-10-01,gym
U004396,2025-10-01,mobile
U004397,2025-10-01,none
U004398,2025-10-01,gym
U004399,2025-10-01,none
U004400,2025-10-01,mobile
U004401,2025-10-01,none
U004402,2025-10-01,none
U004403,2025-10-01,none
U004404,2025-10-01,insurance
U004405,2025-10-01,mobile
U004406,2025-10-01,gym
U004407,2025-10-01,streaming
U004408,2025-10-01,streaming
U004409,2025-10-01,insurance
U004410,2025-10-01,cloud
U004411,2025-10-01,cloud
U004412,2025-10-01,cloud
U004413,2025-10-01,none
U004414,2025-10-01,insurance
U004415,2025-10-01,insurance
U004416,2025-10-01,none
U004417,2025-10-01,music
U004418,2025-10-01,none
U004419,2025-10-01,streaming
U004420,2025-10-01,music
U004421,2025-10-01,streaming
U004422,2025-10-01,software
U004423,2025-10-01,none
U004424,2025-10-01,cloud
U004425,2025-10-01,none
U004426,2025-10-01,software
U004427,2025-10-01,music
U004428,2025-10-01,gym
U004429,2025-10-01,none
U004430,2025-10-01,gym
U004431,2025-10-01,none
U004432,2025-10-01,gym
U004433,2025-10-01,cloud
U004434,2025-10-01,none
U004435,2025-10-01,none
U004436,2025-10-01,none
U004437,2025-10-01,mobile
U004438,2025-10-01,gym
U004439,2025-10-01,cloud
U004440,2025-10-01,streaming
U004441,2025-10-01,music
U004442,2025-10-01,none
U004443,2025-10-01,none
U004444,2025-10-01,music
U004445,2025-10-01,none
U004446,2025-10-01,cloud
U004447,2025-10-01,streaming
U004448,2025-10-01,none
U004449,2025-10-01,mobile
U004450,2025-10-01,insurance
U004451,2025-10-01,none
U004452,2025-10-01,streaming
U004453,2025-10-01,insurance
U004454,2025-10-01,none
U004455,2025-10-01,streaming
U004456,2025-10-01,cloud
U004457,2025-10-01,insurance
U004458,2025-10-01,mobile
U004459,2025-10-01,software
U004460,2025-10-01,insurance
U004461,2025-10-01,cloud
U004462,2025-10-01,cloud
U004463,2025-10-01,insurance
U004464,2025-10-01,none
U004465,2025-10-01,none
U004466,2025-10-01,software
U004467,2025-10-01,software
U004468,2025-10-01,none
U004469,2025-10-01,streaming
U004470,2025-10-01,none
U004471,2025-10-01,none
U004472,2025-10-01,none
U004473,2025-10-01,gym
U004474,2025-10-01,gym
U004475,2025-10-01,cloud
U004476,2025-10-01,music
U004477,2025-10-01,none
U004478,2025-10-01,none
U004479,2025-10-01,streaming
U004480,2025-10-01,music
U004481,2025-10-01,cloud
U004482,2025-10-01,cloud
U004483,2025-10-01,cloud
U004484,2025-10-01,none
U004485,2025-10-01,none
U004486,2025-10-01,none
U004487,2025-10-01,insurance
U004488,2025-10-01,streaming
U004489,2025-10-01,insurance
U004490,2025-10-01,none
U004491,2025-10-01,none
U004492,2025-10-01,gym
U004493,2025-10-01,music
U004494,2025-10-01,music
U004495,2025-10-01,gym
U004496,2025-10-01,cloud
U004497,2025-10-01,none
U004498,2025-10-01,none
U004499,2025-10-01,none
U004500,2025-10-01,insurance
U004501,2025-10-01,music
U004502,2025-10-01,none
U004503,2025-10-01,software
U004504,2025-10-01,insurance
U004505,2025-10-01,cloud
U004506,2025-10-01,none
U004507,2025-10-01,none
U004508,2025-10-01,none
U004509,2025-10-01,none
U004510,2025-10-01,insurance
U004511,2025-10-01,music
U004512,2025-10-01,streaming
U004513,2025-10-01,software
U004514,2025-10-01,insurance
U004515,2025-10-01,none
U004516,2025-10-01,none
U004517,2025-10-01,music
U004518,2025-10-01,mobile
U004519,2025-10-01,none
U004520,2025-10-01,music
U004521,2025-10-01,streaming
U004522,2025-10-01,insurance
U004523,2025-10-01,gym
U004524,2025-10-01,none
U004525,2025-10-01,none
U004526,2025-10-01,cloud
U004527,2025-10-01,none
U004528,2025-10-01,music
U004529,2025-10-01,software
U004530,2025-10-01,none
U004531,2025-10-01,none
U004532,2025-10-01,music
U004533,2025-10-01,gym
U004534,2025-10-01,software
U004535,2025-10-01,mobile
U004536,2025-10-01,cloud
U004537,2025-10-01,streaming
U004538,2025-10-01,none
U004539,2025-10-01,mobile
U004540,2025-10-01,software
U004541,2025-10-01,music
U004542,2025-10-01,none
U004543,2025-10-01,none
U004544,2025-10-01,insurance
U004545,2025-10-01,software
U004546,2025-10-01,software
U004547,2025-10-01,software
U004548,2025-10-01,none
U004549,2025-10-01,software
U004550,2025-10-01,none
U004551,2025-10-01,gym
U004552,2025-10-01,streaming
U004553,2025-10-01,streaming
U004554,2025-10-01,cloud
U004555,2025-10-01,software
U004556,2025-10-01,none
U004557,2025-10-01,none
U004558,2025-10-01,insurance
U004559,2025-10-01,music
U004560,2025-10-01,none
U004561,2025-10-01,insurance
U004562,2025-10-01,none
U004563,2025-10-01,none
U004564,2025-10-01,gym
U004565,2025-10-01,software
U004566,2025-10-01,none
U004567,2025-10-01,software
U004568,2025-10-01,none
U004569,2025-10-01,gym
U004570,2025-10-01,insurance
U004571,2025-10-01,streaming
U004572,2025-10-01,none
U004573,2025-10-01,insurance
U004574,2025-10-01,none
U004575,2025-10-01,none
U004576,2025-10-01,gym
U004577,2025-10-01,software
U004578,2025-10-01,music
U004579,2025-10-01,streaming
U004580,2025-10-01,streaming
U004581,2025-10-01,none
U004582,2025-10-01,cloud
U004583,2025-10-01,mobile
U004584,2025-10-01,cloud
U004585,2025-10-01,streaming
U004586,2025-10-01,insurance
U004587,2025-10-01,music
U004588,2025-10-01,gym
U004589,2025-10-01,cloud
U004590,2025-10-01,insurance
U004591,2025-10-01,none
U004592,2025-10-01,cloud
U004593,2025-10-01,none
U004594,2025-10-01,streaming
U004595,2025-10-01,gym
U004596,2025-10-01,none
U004597,2025-10-01,software
U004598,2025-10-01,none
U004599,2025-10-01,none
U004600,2025-10-01,none
U004601,2025-10-01,gym
U004602,2025-10-01,none
U004603,2025-10-01,none
U004604,2025-10-01,none
U004605,2025-10-01,insurance
U004606,2025-10-01,music
U004607,2025-10-01,none
U004608,2025-10-01,mobile
U004609,2025-10-01,streaming
U004610,2025-10-01,mobile
U004611,2025-10-01,none
U004612,2025-10-01,software
U004613,2025-10-01,insurance
U004614,2025-10-01,music
U004615,2025-10-01,streaming
U004616,2025-10-01,music
U004617,2025-10-01,streaming
U004618,2025-10-01,gym
U004619,2025-10-01,insurance
U004620,2025-10-01,none
U004621,2025-10-01,software
U004622,2025-10-01,music
U004623,2025-10-01,insurance
U004624,2025-10-01,music
U004625,2025-10-01,cloud
U004626,2025-10-01,streaming
U004627,2025-10-01,software
U004628,2025-10-01,streaming
U004629,2025-10-01,software
U004630,2025-10-01,cloud
U004631,2025-10-01,cloud
U004632,2025-10-01,insurance
U004633,2025-10-01,none
U004634,2025-10-01,none
U004635,2025-10-01,none
U004636,2025-10-01,mobile
U004637,2025-10-01,streaming
U004638,2025-10-01,cloud
U004639,2025-10-01,cloud
U004640,2025-10-01,none
U004641,2025-10-01,none
U004642,2025-10-01,streaming
U004643,2025-10-01,none
U004644,2025-10-01,insurance
U004645,2025-10-01,music
U004646,2025-10-01,music
U004647,2025-10-01,none
U004648,2025-10-01,music
U004649,2025-10-01,none
U004650,2025-10-01,gym
U004651,2025-10-01,none
U004652,2025-10-01,mobile
U004653,2025-10-01,none
U004654,2025-10-01,none
U004655,2025-10-01,mobile
U004656,2025-10-01,cloud
U004657,2025-10-01,none
U004658,2025-10-01,none
U004659,2025-10-01,mobile
U004660,2025-10-01,streaming
U004661,2025-10-01,insurance
U004662,2025-10-01,none
U004663,2025-10-01,none
U004664,2025-10-01,insurance
U004665,2025-10-01,none
U004666,2025-10-01,none
U004667,2025-10-01,streaming
U004668,2025-10-01,mobile
U004669,2025-10-01,software
U004670,2025-10-01,mobile
U004671,2025-10-01,none
U004672,2025-10-01,none
U004673,2025-10-01,none
U004674,2025-10-01,mobile
U004675,2025-10-01,software
U004676,2025-10-01,none
U004677,2025-10-01,cloud
U004678,2025-10-01,mobile
U004679,2025-10-01,none
U004680,2025-10-01,none
U004681,2025-10-01,none
U004682,2025-10-01,mobile
U004683,2025-10-01,software
U004684,2025-10-01,streaming
U004685,2025-10-01,cloud
U004686,2025-10-01,none
U004687,2025-10-01,none
U004688,2025-10-01,insurance
U004689,2025-10-01,software
U004690,2025-10-01,insurance
U004691,2025-10-01,none
U004692,2025-10-01,none
U004693,2025-10-01,none
U004694,2025-10-01,streaming
U004695,2025-10-01,software
U004696,2025-10-01,none
U004697,2025-10-01,music
U004698,2025-10-01,insurance
U004699,2025-10-01,none
U004700,2025-10-01,cloud
U004701,2025-10-01,streaming
U004702,2025-10-01,cloud
U004703,2025-10-01,cloud
U004704,2025-10-01,gym
U004705,2025-10-01,mobile
U004706,2025-10-01,none
U004707,2025-10-01,streaming
U004708,2025-10-01,music
U004709,2025-10-01,cloud
U004710,2025-10-01,insurance
U004711,2025-10-01,cloud
U004712,2025-10-01,insurance
U004713,2025-10-01,none
U004714,2025-10-01,software
U004715,2025-10-01,mobile
U004716,2025-10-01,mobile
U004717,2025-10-01,none
U004718,2025-10-01,gym
U004719,2025-10-01,software
U004720,2025-10-01,insurance
U004721,2025-10-01,gym
U004722,2025-10-01,music
U004723,2025-10-01,gym
U004724,2025-10-01,none
U004725,2025-10-01,streaming
U004726,2025-10-01,none
U004727,2025-10-01,music
U004728,2025-10-01,gym
U004729,2025-10-01,none
U004730,2025-10-01,none
U004731,2025-10-01,none
U004732,2025-10-01,none
U004733,2025-10-01,none
U004734,2025-10-01,software
U004735,2025-10-01,software
U004736,2025-10-01,music
U004737,2025-10-01,streaming
U004738,2025-10-01,insurance
U004739,2025-10-01,streaming
U004740,2025-10-01,none
U004741,2025-10-01,gym
U004742,2025-10-01,none
U004743,2025-10-01,streaming
U004744,2025-10-01,software
U004745,2025-10-01,insurance
U004746,2025-10-01,software
U004747,2025-10-01,none
U004748,2025-10-01,gym
U004749,2025-10-01,none
U004750,2025-10-01,none
U004751,2025-10-01,insurance
U004752,2025-10-01,none
U004753,2025-10-01,software
U004754,2025-10-01,none
U004755,2025-10-01,none
U004756,2025-10-01,streaming
U004757,2025-10-01,music
U004758,2025-10-01,none
U004759,2025-10-01,mobile
U004760,2025-10-01,cloud
U004761,2025-10-01,music
U004762,2025-10-01,gym
U004763,2025-10-01,streaming
U004764,2025-10-01,music
U004765,2025-10-01,insurance
U004766,2025-10-01,software
U004767,2025-10-01,music
U004768,2025-10-01,music
U004769,2025-10-01,cloud
U004770,2025-10-01,gym
U004771,2025-10-01,streaming
U004772,2025-10-01,music
U004773,2025-10-01,software
U004774,2025-10-01,cloud
U004775,2025-10-01,gym
U004776,2025-10-01,none
U004777,2025-10-01,gym
U004778,2025-10-01,streaming
U004779,2025-10-01,insurance
U004780,2025-10-01,mobile
U004781,2025-10-01,none
U004782,2025-10-01,none
U004783,2025-10-01,music
U004784,2025-10-01,none
U004785,2025-10-01,mobile
U004786,2025-10-01,none
U004787,2025-10-01,none
U004788,2025-10-01,none
U004789,2025-10-01,music
U004790,2025-10-01,software
U004791,2025-10-01,cloud
U004792,2025-10-01,software
U004793,2025-10-01,mobile
U004794,2025-10-01,none
U004795,2025-10-01,none
U004796,2025-10-01,none
U004797,2025-10-01,none
U004798,2025-10-01,insurance
U004799,2025-10-01,music
U004800,2025-10-01,insurance
U004801,2025-10-01,software
U004802,2025-10-01,streaming
U004803,2025-10-01,mobile
U004804,2025-10-01,gym
U004805,2025-10-01,none
U004806,2025-10-01,cloud
U004807,2025-10-01,cloud
U004808,2025-10-01,streaming
U004809,2025-10-01,none
U004810,2025-10-01,none
U004811,2025-10-01,mobile
U004812,2025-10-01,gym
U004813,2025-10-01,cloud
U004814,2025-10-01,insurance
U004815,2025-10-01,gym
U004816,2025-10-01,music
U004817,2025-10-01,music
U004818,2025-10-01,cloud
U004819,2025-10-01,none
U004820,2025-10-01,music
U004821,2025-10-01,cloud
U004822,2025-10-01,gym
U004823,2025-10-01,music
U004824,2025-10-01,none
U004825,2025-10-01,none
U004826,2025-10-01,music
U004827,2025-10-01,none
U004828,2025-10-01,cloud
U004829,2025-10-01,software
U004830,2025-10-01,none
U004831,2025-10-01,none
U004832,2025-10-01,none
U004833,2025-10-01,software
U004834,2025-10-01,streaming
U004835,2025-10-01,none
U004836,2025-10-01,gym
U004837,2025-10-01,none
U004838,2025-10-01,insurance
U004839,2025-10-01,insurance
U004840,2025-10-01,streaming
U004841,2025-10-01,none
U004842,2025-10-01,none
U004843,2025-10-01,music
U004844,2025-10-01,insurance
U004845,2025-10-01,music
U004846,2025-10-01,insurance
U004847,2025-10-01,streaming
U004848,2025-10-01,software
U004849,2025-10-01,none
U004850,2025-10-01,none
U004851,2025-10-01,gym
U004852,2025-10-01,streaming
U004853,2025-10-01,music
U004854,2025-10-01,mobile
U004855,2025-10-01,software
U004856,2025-10-01,none
U004857,2025-10-01,software
U004858,2025-10-01,none
U004859,2025-10-01,gym
U004860,2025-10-01,gym
U004861,2025-10-01,none
U004862,2025-10-01,insurance
U004863,2025-10-01,gym
U004864,2025-10-01,none
U004865,2025-10-01,streaming
U004866,2025-10-01,none
U004867,2025-10-01,music
U004868,2025-10-01,streaming
U004869,2025-10-01,none
U004870,2025-10-01,music
U004871,2025-10-01,cloud
U004872,2025-10-01,none
U004873,2025-10-01,insurance
U004874,2025-10-01,insurance
U004875,2025-10-01,none
U004876,2025-10-01,software
U004877,2025-10-01,music
U004878,2025-10-01,mobile
U004879,2025-10-01,gym
U004880,2025-10-01,none
U004881,2025-10-01,cloud
U004882,2025-10-01,streaming
U004883,2025-10-01,none
U004884,2025-10-01,software
U004885,2025-10-01,mobile
U004886,2025-10-01,gym
U004887,2025-10-01,insurance
U004888,2025-10-01,software
U004889,2025-10-01,mobile
U004890,2025-10-01,none
U004891,2025-10-01,none
U004892,2025-10-01,gym
U004893,2025-10-01,mobile
U004894,2025-10-01,music
U004895,2025-10-01,none
U004896,2025-10-01,none
U004897,2025-10-01,cloud
U004898,2025-10-01,none
U004899,2025-10-01,none
U004900,2025-10-01,insurance
U004901,2025-10-01,cloud
U004902,2025-10-01,none
U004903,2025-10-01,music
U004904,2025-10-01,none
U004905,2025-10-01,none
U004906,2025-10-01,cloud
U004907,2025-10-01,gym
U004908,2025-10-01,cloud
U004909,2025-10-01,gym
U004910,2025-10-01,music
U004911,2025-10-01,insurance
U004912,2025-10-01,mobile
U004913,2025-10-01,cloud
U004914,2025-10-01,none
U004915,2025-10-01,mobile
U004916,2025-10-01,none
U004917,2025-10-01,cloud
U004918,2025-10-01,music
U004919,2025-10-01,none
U004920,2025-10-01,mobile
U004921,2025-10-01,none
U004922,2025-10-01,software
U004923,2025-10-01,gym
U004924,2025-10-01,streaming
U004925,2025-10-01,insurance
U004926,2025-10-01,software
U004927,2025-10-01,streaming
U004928,2025-10-01,none
U004929,2025-10-01,insurance
U004930,2025-10-01,mobile
U004931,2025-10-01,none
U004932,2025-10-01,none
U004933,2025-10-01,none
U004934,2025-10-01,cloud
U004935,2025-10-01,streaming
U004936,2025-10-01,mobile
U004937,2025-10-01,none
U004938,2025-10-01,streaming
U004939,2025-10-01,insurance
U004940,2025-10-01,gym
U004941,2025-10-01,none
U004942,2025-10-01,music
U004943,2025-10-01,gym
U004944,2025-10-01,insurance
U004945,2025-10-01,gym
U004946,2025-10-01,streaming
U004947,2025-10-01,none
U004948,2025-10-01,streaming
U004949,2025-10-01,software
U004950,2025-10-01,none
U004951,2025-10-01,none
U004952,2025-10-01,cloud
U004953,2025-10-01,cloud
U004954,2025-10-01,none
U004955,2025-10-01,streaming
U004956,2025-10-01,insurance
U004957,2025-10-01,mobile
U004958,2025-10-01,gym
U004959,2025-10-01,insurance
U004960,2025-10-01,mobile
U004961,2025-10-01,gym
U004962,2025-10-01,none
U004963,2025-10-01,software
U004964,2025-10-01,none
U004965,2025-10-01,streaming
U004966,2025-10-01,software
U004967,2025-10-01,none
U004968,2025-10-01,gym
U004969,2025-10-01,cloud
U004970,2025-10-01,mobile
U004971,2025-10-01,mobile
U004972,2025-10-01,gym
U004973,2025-10-01,music
U004974,2025-10-01,none
U004975,2025-10-01,music
U004976,2025-10-01,music
U004977,2025-10-01,cloud
U004978,2025-10-01,gym
U004979,2025-10-01,insurance
U004980,2025-10-01,none
U004981,2025-10-01,none
U004982,2025-10-01,cloud
U004983,2025-10-01,cloud
U004984,2025-10-01,gym
U004985,2025-10-01,none
U004986,2025-10-01,mobile
U004987,2025-10-01,music
U004988,2025-10-01,software
U004989,2025-10-01,none
U004990,2025-10-01,none
U004991,2025-10-01,insurance
U004992,2025-10-01,software
U004993,2025-10-01,streaming
U004994,2025-10-01,none
U004995,2025-10-01,none
U004996,2025-10-01,none
U004997,2025-10-01,none
U004998,2025-10-01,none
U004999,2025-10-01,mobile
U005000,2025-10-01,music
U005001,2025-10-01,insurance
U005002,2025-10-01,none
U005003,2025-10-01,music
U005004,2025-10-01,streaming
U005005,2025-10-01,none
U005006,2025-10-01,none
U005007,2025-10-01,streaming
U005008,2025-10-01,insurance
U005009,2025-10-01,streaming
U005010,2025-10-01,gym
U005011,2025-10-01,software
U005012,2025-10-01,none
U005013,2025-10-01,none
U005014,2025-10-01,insurance
U005015,2025-10-01,none
U005016,2025-10-01,streaming
U005017,2025-10-01,none
U005018,2025-10-01,cloud
U005019,2025-10-01,gym
U005020,2025-10-01,gym
U005021,2025-10-01,none
U005022,2025-10-01,cloud
U005023,2025-10-01,streaming
U005024,2025-10-01,none
U005025,2025-10-01,gym
U005026,2025-10-01,streaming
U005027,2025-10-01,none
U005028,2025-10-01,none
U005029,2025-10-01,gym
U005030,2025-10-01,mobile
U005031,2025-10-01,none
U005032,2025-10-01,gym
U005033,2025-10-01,gym
U005034,2025-10-01,mobile
U005035,2025-10-01,insurance
U005036,2025-10-01,insurance
U005037,2025-10-01,none
U005038,2025-10-01,insurance
U005039,2025-10-01,cloud
U005040,2025-10-01,none
U005041,2025-10-01,streaming
U005042,2025-10-01,none
U005043,2025-10-01,none
U005044,2025-10-01,streaming
U005045,2025-10-01,streaming
U005046,2025-10-01,music
U005047,2025-10-01,none
U005048,2025-10-01,none
U005049,2025-10-01,music
U005050,2025-10-01,none
U005051,2025-10-01,insurance
U005052,2025-10-01,none
U005053,2025-10-01,mobile
U005054,2025-10-01,none
U005055,2025-10-01,none
U005056,2025-10-01,mobile
U005057,2025-10-01,cloud
U005058,2025-10-01,cloud
U005059,2025-10-01,streaming
U005060,2025-10-01,insurance
U005061,2025-10-01,mobile
U005062,2025-10-01,none
U005063,2025-10-01,insurance
U005064,2025-10-01,none
U005065,2025-10-01,insurance
U005066,2025-10-01,software
U005067,2025-10-01,none
U005068,2025-10-01,cloud
U005069,2025-10-01,none
U005070,2025-10-01,streaming
U005071,2025-10-01,mobile
U005072,2025-10-01,none
U005073,2025-10-01,streaming
U005074,2025-10-01,insurance
U005075,2025-10-01,none
U005076,2025-10-01,none
U005077,2025-10-01,music
U005078,2025-10-01,music
U005079,2025-10-01,insurance
U005080,2025-10-01,streaming
U005081,2025-10-01,music
U005082,2025-10-01,gym
U005083,2025-10-01,software
U005084,2025-10-01,software
U005085,2025-10-01,mobile
U005086,2025-10-01,none
U005087,2025-10-01,none
U005088,2025-10-01,music
U005089,2025-10-01,software
U005090,2025-10-01,software
U005091,2025-10-01,cloud
U005092,2025-10-01,cloud
U005093,2025-10-01,insurance
U005094,2025-10-01,insurance
U005095,2025-10-01,none
U005096,2025-10-01,mobile
U005097,2025-10-01,mobile
U005098,2025-10-01,streaming
U005099,2025-10-01,mobile
U005100,2025-10-01,streaming
U005101,2025-10-01,music
U005102,2025-10-01,none
U005103,2025-10-01,music
U005104,2025-10-01,mobile
U005105,2025-10-01,none
U005106,2025-10-01,none
U005107,2025-10-01,insurance
U005108,2025-10-01,cloud
U005109,2025-10-01,streaming
U005110,2025-10-01,none
U005111,2025-10-01,none
U005112,2025-10-01,insurance
U005113,2025-10-01,insurance
U005114,2025-10-01,music
U005115,2025-10-01,cloud
U005116,2025-10-01,cloud
U005117,2025-10-01,none
U005118,2025-10-01,software
U005119,2025-10-01,cloud
U005120,2025-10-01,software
U005121,2025-10-01,none
U005122,2025-10-01,none
U005123,2025-10-01,none
U005124,2025-10-01,streaming
U005125,2025-10-01,insurance
U005126,2025-10-01,none
U005127,2025-10-01,none
U005128,2025-10-01,software
U005129,2025-10-01,software
U005130,2025-10-01,none
U005131,2025-10-01,streaming
U005132,2025-10-01,none
U005133,2025-10-01,none
U005134,2025-10-01,cloud
U005135,2025-10-01,streaming
U005136,2025-10-01,insurance
U005137,2025-10-01,mobile
U005138,2025-10-01,none
U005139,2025-10-01,none
U005140,2025-10-01,streaming
U005141,2025-10-01,gym
U005142,2025-10-01,none
U005143,2025-10-01,none
U005144,2025-10-01,none
U005145,2025-10-01,mobile
U005146,2025-10-01,none
U005147,2025-10-01,streaming
U005148,2025-10-01,cloud
U005149,2025-10-01,none
U005150,2025-10-01,insurance
U005151,2025-10-01,software
U005152,2025-10-01,gym
U005153,2025-10-01,none
U005154,2025-10-01,none
U005155,2025-10-01,insurance
U005156,2025-10-01,software
U005157,2025-10-01,mobile
U005158,2025-10-01,gym
U005159,2025-10-01,mobile
U005160,2025-10-01,software
U005161,2025-10-01,none
U005162,2025-10-01,none
U005163,2025-10-01,none
U005164,2025-10-01,none
U005165,2025-10-01,none
U005166,2025-10-01,none
U005167,2025-10-01,gym
U005168,2025-10-01,gym
U005169,2025-10-01,streaming
U005170,2025-10-01,music
U005171,2025-10-01,streaming
U005172,2025-10-01,insurance
U005173,2025-10-01,software
U005174,2025-10-01,none
U005175,2025-10-01,none
U005176,2025-10-01,none
U005177,2025-10-01,mobile
U005178,2025-10-01,mobile
U005179,2025-10-01,music
U005180,2025-10-01,software
U005181,2025-10-01,none
U005182,2025-10-01,none
U005183,2025-10-01,gym
U005184,2025-10-01,software
U005185,2025-10-01,mobile
U005186,2025-10-01,none
U005187,2025-10-01,music
U005188,2025-10-01,none
U005189,2025-10-01,cloud
U005190,2025-10-01,insurance
U005191,2025-10-01,software
U005192,2025-10-01,music
U005193,2025-10-01,music
U005194,2025-10-01,none
U005195,2025-10-01,music
U005196,2025-10-01,none
U005197,2025-10-01,cloud
U005198,2025-10-01,insurance
U005199,2025-10-01,none
U005200,2025-10-01,none
U005201,2025-10-01,gym
U005202,2025-10-01,music
U005203,2025-10-01,cloud
U005204,2025-10-01,insurance
U005205,2025-10-01,none
U005206,2025-10-01,insurance
U005207,2025-10-01,none
U005208,2025-10-01,none
U005209,2025-10-01,none
U005210,2025-10-01,none
U005211,2025-10-01,gym
U005212,2025-10-01,gym
U005213,2025-10-01,mobile
U005214,2025-10-01,none
U005215,2025-10-01,none
U005216,2025-10-01,insurance
U005217,2025-10-01,music
U005218,2025-10-01,mobile
U005219,2025-10-01,none
U005220,2025-10-01,software
U005221,2025-10-01,cloud
U005222,2025-10-01,none
U005223,2025-10-01,insurance
U005224,2025-10-01,streaming
U005225,2025-10-01,none
U005226,2025-10-01,cloud
U005227,2025-10-01,mobile
U005228,2025-10-01,mobile
U005229,2025-10-01,streaming
U005230,2025-10-01,music
U005231,2025-10-01,none
U005232,2025-10-01,none
U005233,2025-10-01,gym
U005234,2025-10-01,none
U005235,2025-10-01,software
U005236,2025-10-01,mobile
U005237,2025-10-01,none
U005238,2025-10-01,mobile
U005239,2025-10-01,cloud
U005240,2025-10-01,cloud
U005241,2025-10-01,music
U005242,2025-10-01,gym
U005243,2025-10-01,none
U005244,2025-10-01,streaming
U005245,2025-10-01,none
U005246,2025-10-01,mobile
U005247,2025-10-01,music
U005248,2025-10-01,none
U005249,2025-10-01,none
U005250,2025-10-01,mobile
U005251,2025-10-01,insurance
U005252,2025-10-01,none
U005253,2025-10-01,music
U005254,2025-10-01,software
U005255,2025-10-01,none
U005256,2025-10-01,streaming
U005257,2025-10-01,software
U005258,2025-10-01,none
U005259,2025-10-01,music
U005260,2025-10-01,insurance
U005261,2025-10-01,software
U005262,2025-10-01,music
U005263,2025-10-01,music
U005264,2025-10-01,none
U005265,2025-10-01,cloud
U005266,2025-10-01,music
U005267,2025-10-01,mobile
U005268,2025-10-01,none
U005269,2025-10-01,mobile
U005270,2025-10-01,streaming
U005271,2025-10-01,gym
U005272,2025-10-01,none
U005273,2025-10-01,streaming
U005274,2025-10-01,mobile
U005275,2025-10-01,none
U005276,2025-10-01,gym
U005277,2025-10-01,none
U005278,2025-10-01,none
U005279,2025-10-01,none
U005280,2025-10-01,gym
U005281,2025-10-01,software
U005282,2025-10-01,gym
U005283,2025-10-01,software
U005284,2025-10-01,music
U005285,2025-10-01,mobile
U005286,2025-10-01,cloud
U005287,2025-10-01,gym
U005288,2025-10-01,cloud
U005289,2025-10-01,gym
U005290,2025-10-01,mobile
U005291,2025-10-01,insurance
U005292,2025-10-01,none
U005293,2025-10-01,none
U005294,2025-10-01,streaming
U005295,2025-10-01,software
U005296,2025-10-01,insurance
U005297,2025-10-01,none
U005298,2025-10-01,insurance
U005299,2025-10-01,mobile
U005300,2025-10-01,streaming
U005301,2025-10-01,music
U005302,2025-10-01,cloud
U005303,2025-10-01,insurance
U005304,2025-10-01,cloud
U005305,2025-10-01,software
U005306,2025-10-01,cloud
U005307,2025-10-01,music
U005308,2025-10-01,insurance
U005309,2025-10-01,cloud
U005310,2025-10-01,none
U005311,2025-10-01,software
U005312,2025-10-01,mobile
U005313,2025-10-01,none
U005314,2025-10-01,gym
U005315,2025-10-01,software
U005316,2025-10-01,insurance
U005317,2025-10-01,streaming
U005318,2025-10-01,gym
U005319,2025-10-01,streaming
U005320,2025-10-01,none
U005321,2025-10-01,none
U005322,2025-10-01,gym
U005323,2025-10-01,none
U005324,2025-10-01,cloud
U005325,2025-10-01,none
U005326,2025-10-01,mobile
U005327,2025-10-01,none
U005328,2025-10-01,insurance
U005329,2025-10-01,gym
U005330,2025-10-01,none
U005331,2025-10-01,none
U005332,2025-10-01,music
U005333,2025-10-01,insurance
U005334,2025-10-01,music
U005335,2025-10-01,none
U005336,2025-10-01,none
U005337,2025-10-01,insurance
U005338,2025-10-01,software
U005339,2025-10-01,software
U005340,2025-10-01,gym
U005341,2025-10-01,none
U005342,2025-10-01,none
U005343,2025-10-01,insurance
U005344,2025-10-01,streaming
U005345,2025-10-01,insurance
U005346,2025-10-01,streaming
U005347,2025-10-01,none
U005348,2025-10-01,gym
U005349,2025-10-01,gym
U005350,2025-10-01,none
U005351,2025-10-01,software
U005352,2025-10-01,gym
U005353,2025-10-01,mobile
U005354,2025-10-01,music
U005355,2025-10-01,software
U005356,2025-10-01,streaming
U005357,2025-10-01,none
U005358,2025-10-01,none
U005359,2025-10-01,insurance
U005360,2025-10-01,streaming
U005361,2025-10-01,cloud
U005362,2025-10-01,mobile
U005363,2025-10-01,software
U005364,2025-10-01,software
U005365,2025-10-01,gym
U005366,2025-10-01,cloud
U005367,2025-10-01,none
U005368,2025-10-01,mobile
U005369,2025-10-01,gym
U005370,2025-10-01,streaming
U005371,2025-10-01,cloud
U005372,2025-10-01,software
U005373,2025-10-01,cloud
U005374,2025-10-01,insurance
U005375,2025-10-01,none
U005376,2025-10-01,software
U005377,2025-10-01,music
U005378,2025-10-01,mobile
U005379,2025-10-01,streaming
U005380,2025-10-01,none
U005381,2025-10-01,mobile
U005382,2025-10-01,mobile
U005383,2025-10-01,music
U005384,2025-10-01,cloud
U005385,2025-10-01,none
U005386,2025-10-01,none
U005387,2025-10-01,mobile
U005388,2025-10-01,insurance
U005389,2025-10-01,insurance
U005390,2025-10-01,insurance
U005391,2025-10-01,none
U005392,2025-10-01,none
U005393,2025-10-01,none
U005394,2025-10-01,software
U005395,2025-10-01,cloud
U005396,2025-10-01,none
U005397,2025-10-01,none
U005398,2025-10-01,insurance
U005399,2025-10-01,mobile
U005400,2025-10-01,none
U005401,2025-10-01,mobile
U005402,2025-10-01,none
U005403,2025-10-01,music
U005404,2025-10-01,streaming
U005405,2025-10-01,cloud
U005406,2025-10-01,cloud
U005407,2025-10-01,software
U005408,2025-10-01,none
U005409,2025-10-01,none
U005410,2025-10-01,streaming
U005411,2025-10-01,software
U005412,2025-10-01,none
U005413,2025-10-01,software
U005414,2025-10-01,mobile
U005415,2025-10-01,none
U005416,2025-10-01,none
U005417,2025-10-01,music
U005418,2025-10-01,none
U005419,2025-10-01,none
U005420,2025-10-01,music
U005421,2025-10-01,insurance
U005422,2025-10-01,streaming
U005423,2025-10-01,software
U005424,2025-10-01,gym
U005425,2025-10-01,none
U005426,2025-10-01,none
U005427,2025-10-01,none
U005428,2025-10-01,cloud
U005429,2025-10-01,none
U005430,2025-10-01,insurance
U005431,2025-10-01,none
U005432,2025-10-01,gym
U005433,2025-10-01,software
U005434,2025-10-01,none
U005435,2025-10-01,none
U005436,2025-10-01,none
U005437,2025-10-01,none
U005438,2025-10-01,streaming
U005439,2025-10-01,mobile
U005440,2025-10-01,none
U005441,2025-10-01,streaming
U005442,2025-10-01,none
U005443,2025-10-01,insurance
U005444,2025-10-01,cloud
U005445,2025-10-01,cloud
U005446,2025-10-01,streaming
U005447,2025-10-01,cloud
U005448,2025-10-01,music
U005449,2025-10-01,cloud
U005450,2025-10-01,insurance
U005451,2025-10-01,none
U005452,2025-10-01,music
U005453,2025-10-01,software
U005454,2025-10-01,none
U005455,2025-10-01,none
U005456,2025-10-01,none
U005457,2025-10-01,none
U005458,2025-10-01,none
U005459,2025-10-01,none
U005460,2025-10-01,streaming
U005461,2025-10-01,mobile
U005462,2025-10-01,music
U005463,2025-10-01,music
U005464,2025-10-01,none
U005465,2025-10-01,mobile
U005466,2025-10-01,none
U005467,2025-10-01,cloud
U005468,2025-10-01,none
U005469,2025-10-01,gym
U005470,2025-10-01,music
U005471,2025-10-01,streaming
U005472,2025-10-01,none
U005473,2025-10-01,gym
U005474,2025-10-01,insurance
U005475,2025-10-01,software
U005476,2025-10-01,mobile
U005477,2025-10-01,cloud
U005478,2025-10-01,streaming
U005479,2025-10-01,gym
U005480,2025-10-01,software
U005481,2025-10-01,none
U005482,2025-10-01,gym
U005483,2025-10-01,none
U005484,2025-10-01,music
U005485,2025-10-01,streaming
U005486,2025-10-01,none
U005487,2025-10-01,none
U005488,2025-10-01,mobile
U005489,2025-10-01,streaming
U005490,2025-10-01,insurance
U005491,2025-10-01,insurance
U005492,2025-10-01,none
U005493,2025-10-01,none
U005494,2025-10-01,gym
U005495,2025-10-01,none
U005496,2025-10-01,mobile
U005497,2025-10-01,mobile
U005498,2025-10-01,none
U005499,2025-10-01,cloud
U005500,2025-10-01,none
U005501,2025-10-01,music
U005502,2025-10-01,gym
U005503,2025-10-01,none
U005504,2025-10-01,software
U005505,2025-10-01,cloud
U005506,2025-10-01,none
U005507,2025-10-01,none
U005508,2025-10-01,none
U005509,2025-10-01,none
U005510,2025-10-01,mobile
U005511,2025-10-01,music
U005512,2025-10-01,software
U005513,2025-10-01,insurance
U005514,2025-10-01,mobile
U005515,2025-10-01,none
U005516,2025-10-01,music
U005517,2025-10-01,gym
U005518,2025-10-01,streaming
U005519,2025-10-01,mobile
U005520,2025-10-01,gym
U005521,2025-10-01,software
U005522,2025-10-01,software
U005523,2025-10-01,none
U005524,2025-10-01,music
U005525,2025-10-01,none
U005526,2025-10-01,insurance
U005527,2025-10-01,none
U005528,2025-10-01,insurance
U005529,2025-10-01,gym
U005530,2025-10-01,none
U005531,2025-10-01,insurance
U005532,2025-10-01,mobile
U005533,2025-10-01,gym
U005534,2025-10-01,none
U005535,2025-10-01,none
U005536,2025-10-01,none
U005537,2025-10-01,none
U005538,2025-10-01,mobile
U005539,2025-10-01,none
U005540,2025-10-01,mobile
U005541,2025-10-01,none
U005542,2025-10-01,none
U005543,2025-10-01,streaming
U005544,2025-10-01,software
U005545,2025-10-01,mobile
U005546,2025-10-01,none
U005547,2025-10-01,streaming
U005548,2025-10-01,mobile
U005549,2025-10-01,none
U005550,2025-10-01,gym
U005551,2025-10-01,none
U005552,2025-10-01,mobile
U005553,2025-10-01,mobile
U005554,2025-10-01,none
U005555,2025-10-01,none
U005556,2025-10-01,music
U005557,2025-10-01,none
U005558,2025-10-01,software
U005559,2025-10-01,none
U005560,2025-10-01,none
U005561,2025-10-01,mobile
U005562,2025-10-01,music
U005563,2025-10-01,none
U005564,2025-10-01,insurance
U005565,2025-10-01,none
U005566,2025-10-01,mobile
U005567,2025-10-01,software
U005568,2025-10-01,none
U005569,2025-10-01,gym
U005570,2025-10-01,gym
U005571,2025-10-01,music
U005572,2025-10-01,software
U005573,2025-10-01,software
U005574,2025-10-01,none
U005575,2025-10-01,music
U005576,2025-10-01,gym
U005577,2025-10-01,insurance
U005578,2025-10-01,gym
U005579,2025-10-01,gym
U005580,2025-10-01,music
U005581,2025-10-01,gym
U005582,2025-10-01,software
U005583,2025-10-01,none
U005584,2025-10-01,cloud
U005585,2025-10-01,mobile
U005586,2025-10-01,insurance
U005587,2025-10-01,cloud
U005588,2025-10-01,software
U005589,2025-10-01,none
U005590,2025-10-01,mobile
U005591,2025-10-01,none
U005592,2025-10-01,cloud
U005593,2025-10-01,none
U005594,2025-10-01,streaming
U005595,2025-10-01,gym
U005596,2025-10-01,none
U005597,2025-10-01,mobile
U005598,2025-10-01,none
U005599,2025-10-01,none
U005600,2025-10-01,none
U005601,2025-10-01,gym
U005602,2025-10-01,none
U005603,2025-10-01,gym
U005604,2025-10-01,music
U005605,2025-10-01,gym
U005606,2025-10-01,none
U005607,2025-10-01,none
U005608,2025-10-01,music
U005609,2025-10-01,music
U005610,2025-10-01,none
U005611,2025-10-01,software
U005612,2025-10-01,gym
U005613,2025-10-01,software
U005614,2025-10-01,none
U005615,2025-10-01,music
U005616,2025-10-01,none
U005617,2025-10-01,gym
U005618,2025-10-01,mobile
U005619,2025-10-01,cloud
U005620,2025-10-01,mobile
U005621,2025-10-01,none
U005622,2025-10-01,software
U005623,2025-10-01,software
U005624,2025-10-01,insurance
U005625,2025-10-01,gym
U005626,2025-10-01,streaming
U005627,2025-10-01,mobile
U005628,2025-10-01,none
U005629,2025-10-01,insurance
U005630,2025-10-01,cloud
U005631,2025-10-01,none
U005632,2025-10-01,software
U005633,2025-10-01,none
U005634,2025-10-01,gym
U005635,2025-10-01,none
U005636,2025-10-01,cloud
U005637,2025-10-01,none
U005638,2025-10-01,cloud
U005639,2025-10-01,insurance
U005640,2025-10-01,none
U005641,2025-10-01,insurance
U005642,2025-10-01,none
U005643,2025-10-01,streaming
U005644,2025-10-01,none
U005645,2025-10-01,mobile
U005646,2025-10-01,cloud
U005647,2025-10-01,mobile
U005648,2025-10-01,cloud
U005649,2025-10-01,cloud
U005650,2025-10-01,software
U005651,2025-10-01,gym
U005652,2025-10-01,streaming
U005653,2025-10-01,cloud
U005654,2025-10-01,none
U005655,2025-10-01,software
U005656,2025-10-01,none
U005657,2025-10-01,none
U005658,2025-10-01,none
U005659,2025-10-01,none
U005660,2025-10-01,cloud
U005661,2025-10-01,gym
U005662,2025-10-01,none
U005663,2025-10-01,mobile
U005664,2025-10-01,cloud
U005665,2025-10-01,cloud
U005666,2025-10-01,cloud
U005667,2025-10-01,insurance
U005668,2025-10-01,none
U005669,2025-10-01,mobile
U005670,2025-10-01,insurance
U005671,2025-10-01,none
U005672,2025-10-01,streaming
U005673,2025-10-01,none
U005674,2025-10-01,streaming
U005675,2025-10-01,none
U005676,2025-10-01,insurance
U005677,2025-10-01,software
U005678,2025-10-01,none
U005679,2025-10-01,mobile
U005680,2025-10-01,streaming
U005681,2025-10-01,mobile
U005682,2025-10-01,mobile
U005683,2025-10-01,none
U005684,2025-10-01,none
U005685,2025-10-01,streaming
U005686,2025-10-01,music
U005687,2025-10-01,gym
U005688,2025-10-01,none
U005689,2025-10-01,none
U005690,2025-10-01,none
U005691,2025-10-01,streaming
U005692,2025-10-01,insurance
U005693,2025-10-01,streaming
U005694,2025-10-01,streaming
U005695,2025-10-01,none
U005696,2025-10-01,gym
U005697,2025-10-01,mobile
U005698,2025-10-01,software
U005699,2025-10-01,none
U005700,2025-10-01,music
U005701,2025-10-01,music
U005702,2025-10-01,insurance
U005703,2025-10-01,gym
U005704,2025-10-01,music
U005705,2025-10-01,cloud
U005706,2025-10-01,none
U005707,2025-10-01,software
U005708,2025-10-01,music
U005709,2025-10-01,music
U005710,2025-10-01,insurance
U005711,2025-10-01,software
U005712,2025-10-01,insurance
U005713,2025-10-01,none
U005714,2025-10-01,gym
U005715,2025-10-01,software
U005716,2025-10-01,software
U005717,2025-10-01,music
U005718,2025-10-01,gym
U005719,2025-10-01,streaming
U005720,2025-10-01,mobile
U005721,2025-10-01,cloud
U005722,2025-10-01,none
U005723,2025-10-01,none
U005724,2025-10-01,none
U005725,2025-10-01,software
U005726,2025-10-01,none
U005727,2025-10-01,insurance
U005728,2025-10-01,software
U005729,2025-10-01,gym
U005730,2025-10-01,none
U005731,2025-10-01,gym
U005732,2025-10-01,gym
U005733,2025-10-01,cloud
U005734,2025-10-01,insurance
U005735,2025-10-01,none
U005736,2025-10-01,music
U005737,2025-10-01,none
U005738,2025-10-01,none
U005739,2025-10-01,none
U005740,2025-10-01,insurance
U005741,2025-10-01,streaming
U005742,2025-10-01,music
U005743,2025-10-01,music
U005744,2025-10-01,none
U005745,2025-10-01,software
U005746,2025-10-01,insurance
U005747,2025-10-01,gym
U005748,2025-10-01,mobile
U005749,2025-10-01,software
U005750,2025-10-01,none
U005751,2025-10-01,none
U005752,2025-10-01,music
U005753,2025-10-01,streaming
U005754,2025-10-01,software
U005755,2025-10-01,software
U005756,2025-10-01,gym
U005757,2025-10-01,insurance
U005758,2025-10-01,none
U005759,2025-10-01,none
U005760,2025-10-01,none
U005761,2025-10-01,streaming
U005762,2025-10-01,none
U005763,2025-10-01,software
U005764,2025-10-01,none
U005765,2025-10-01,cloud
U005766,2025-10-01,insurance
U005767,2025-10-01,insurance
U005768,2025-10-01,software
U005769,2025-10-01,gym
U005770,2025-10-01,none
U005771,2025-10-01,cloud
U005772,2025-10-01,gym
U005773,2025-10-01,none
U005774,2025-10-01,insurance
U005775,2025-10-01,software
U005776,2025-10-01,none
U005777,2025-10-01,none
U005778,2025-10-01,mobile
U005779,2025-10-01,software
U005780,2025-10-01,none
U005781,2025-10-01,none
U005782,2025-10-01,none
U005783,2025-10-01,music
U005784,2025-10-01,none
U005785,2025-10-01,mobile
U005786,2025-10-01,none
U005787,2025-10-01,gym
U005788,2025-10-01,cloud
U005789,2025-10-01,music
U005790,2025-10-01,streaming
U005791,2025-10-01,none
U005792,2025-10-01,none
U005793,2025-10-01,insurance
U005794,2025-10-01,none
U005795,2025-10-01,software
U005796,2025-10-01,music
U005797,2025-10-01,software
U005798,2025-10-01,insurance
U005799,2025-10-01,gym
U005800,2025-10-01,mobile
U005801,2025-10-01,mobile
U005802,2025-10-01,streaming
U005803,2025-10-01,none
U005804,2025-10-01,mobile
U005805,2025-10-01,cloud
U005806,2025-10-01,mobile
U005807,2025-10-01,insurance
U005808,2025-10-01,streaming
U005809,2025-10-01,music
U005810,2025-10-01,mobile
U005811,2025-10-01,streaming
U005812,2025-10-01,music
U005813,2025-10-01,software
U005814,2025-10-01,none
U005815,2025-10-01,software
U005816,2025-10-01,software
U005817,2025-10-01,software
U005818,2025-10-01,none
U005819,2025-10-01,software
U005820,2025-10-01,mobile
U005821,2025-10-01,none
U005822,2025-10-01,software
U005823,2025-10-01,music
U005824,2025-10-01,software
U005825,2025-10-01,streaming
U005826,2025-10-01,mobile
U005827,2025-10-01,none
U005828,2025-10-01,none
U005829,2025-10-01,mobile
U005830,2025-10-01,music
U005831,2025-10-01,cloud
U005832,2025-10-01,none
U005833,2025-10-01,none
U005834,2025-10-01,music
U005835,2025-10-01,none
U005836,2025-10-01,none
U005837,2025-10-01,none
U005838,2025-10-01,gym
U005839,2025-10-01,cloud
U005840,2025-10-01,gym
U005841,2025-10-01,mobile
U005842,2025-10-01,insurance
U005843,2025-10-01,gym
U005844,2025-10-01,music
U005845,2025-10-01,none
U005846,2025-10-01,none
U005847,2025-10-01,none
U005848,2025-10-01,gym
U005849,2025-10-01,gym
U005850,2025-10-01,none
U005851,2025-10-01,mobile
U005852,2025-10-01,none
U005853,2025-10-01,mobile
U005854,2025-10-01,none
U005855,2025-10-01,none
U005856,2025-10-01,music
U005857,2025-10-01,insurance
U005858,2025-10-01,insurance
U005859,2025-10-01,mobile
U005860,2025-10-01,software
U005861,2025-10-01,none
U005862,2025-10-01,none
U005863,2025-10-01,cloud
U005864,2025-10-01,music
U005865,2025-10-01,software
U005866,2025-10-01,none
U005867,2025-10-01,none
U005868,2025-10-01,insurance
U005869,2025-10-01,none
U005870,2025-10-01,cloud
U005871,2025-10-01,cloud
U005872,2025-10-01,music
U005873,2025-10-01,mobile
U005874,2025-10-01,music
U005875,2025-10-01,none
U005876,2025-10-01,software
U005877,2025-10-01,streaming
U005878,2025-10-01,mobile
U005879,2025-10-01,software
U005880,2025-10-01,none
U005881,2025-10-01,music
U005882,2025-10-01,software
U005883,2025-10-01,insurance
U005884,2025-10-01,gym
U005885,2025-10-01,software
U005886,2025-10-01,cloud
U005887,2025-10-01,music
U005888,2025-10-01,gym
U005889,2025-10-01,software
U005890,2025-10-01,mobile
U005891,2025-10-01,software
U005892,2025-10-01,software
U005893,2025-10-01,cloud
U005894,2025-10-01,mobile
U005895,2025-10-01,none
U005896,2025-10-01,gym
U005897,2025-10-01,none
U005898,2025-10-01,music
U005899,2025-10-01,software
U005900,2025-10-01,none
U005901,2025-10-01,software
U005902,2025-10-01,none
U005903,2025-10-01,insurance
U005904,2025-10-01,none
U005905,2025-10-01,none
U005906,2025-10-01,software
U005907,2025-10-01,software
U005908,2025-10-01,none
U005909,2025-10-01,none
U005910,2025-10-01,none
U005911,2025-10-01,music
U005912,2025-10-01,gym
U005913,2025-10-01,software
U005914,2025-10-01,streaming
U005915,2025-10-01,gym
U005916,2025-10-01,mobile
U005917,2025-10-01,software
U005918,2025-10-01,software
U005919,2025-10-01,cloud
U005920,2025-10-01,insurance
U005921,2025-10-01,none
U005922,2025-10-01,none
U005923,2025-10-01,none
U005924,2025-10-01,cloud
U005925,2025-10-01,none
U005926,2025-10-01,insurance
U005927,2025-10-01,none
U005928,2025-10-01,none
U005929,2025-10-01,gym
U005930,2025-10-01,streaming
U005931,2025-10-01,none
U005932,2025-10-01,none
U005933,2025-10-01,insurance
U005934,2025-10-01,music
U005935,2025-10-01,cloud
U005936,2025-10-01,cloud
U005937,2025-10-01,software
U005938,2025-10-01,software
U005939,2025-10-01,none
U005940,2025-10-01,gym
U005941,2025-10-01,none
U005942,2025-10-01,insurance
U005943,2025-10-01,music
U005944,2025-10-01,gym
U005945,2025-10-01,mobile
U005946,2025-10-01,gym
U005947,2025-10-01,none
U005948,2025-10-01,music
U005949,2025-10-01,insurance
U005950,2025-10-01,none
U005951,2025-10-01,software
U005952,2025-10-01,cloud
U005953,2025-10-01,none
U005954,2025-10-01,music
U005955,2025-10-01,gym
U005956,2025-10-01,mobile
U005957,2025-10-01,none
U005958,2025-10-01,music
U005959,2025-10-01,cloud
U005960,2025-10-01,none
U005961,2025-10-01,software
U005962,2025-10-01,cloud
U005963,2025-10-01,none
U005964,2025-10-01,gym
U005965,2025-10-01,insurance
U005966,2025-10-01,music
U005967,2025-10-01,software
U005968,2025-10-01,gym
U005969,2025-10-01,none
U005970,2025-10-01,none
U005971,2025-10-01,none
U005972,2025-10-01,none
U005973,2025-10-01,gym
U005974,2025-10-01,none
U005975,2025-10-01,none
U005976,2025-10-01,none
U005977,2025-10-01,none
U005978,2025-10-01,software
U005979,2025-10-01,gym
U005980,2025-10-01,none
U005981,2025-10-01,none
U005982,2025-10-01,mobile
U005983,2025-10-01,gym
U005984,2025-10-01,insurance
U005985,2025-10-01,none
U005986,2025-10-01,streaming
U005987,2025-10-01,mobile
U005988,2025-10-01,mobile
U005989,2025-10-01,none
U005990,2025-10-01,none
U005991,2025-10-01,none
U005992,2025-10-01,cloud
U005993,2025-10-01,gym
U005994,2025-10-01,streaming
U005995,2025-10-01,insurance
U005996,2025-10-01,gym
U005997,2025-10-01,none
U005998,2025-10-01,none
U005999,2025-10-01,streaming
U006000,2025-10-01,streaming
U006001,2025-10-01,none
U006002,2025-10-01,none
U006003,2025-10-01,none
U006004,2025-10-01,streaming
U006005,2025-10-01,cloud
U006006,2025-10-01,streaming
U006007,2025-10-01,streaming
U006008,2025-10-01,none
U006009,2025-10-01,music
U006010,2025-10-01,gym
U006011,2025-10-01,gym
U006012,2025-10-01,software
U006013,2025-10-01,gym
U006014,2025-10-01,none
U006015,2025-10-01,streaming
U006016,2025-10-01,streaming
U006017,2025-10-01,none
U006018,2025-10-01,music
U006019,2025-10-01,mobile
U006020,2025-10-01,software
U006021,2025-10-01,streaming
U006022,2025-10-01,cloud
U006023,2025-10-01,streaming
U006024,2025-10-01,none
U006025,2025-10-01,gym
U006026,2025-10-01,none
U006027,2025-10-01,cloud
U006028,2025-10-01,insurance
U006029,2025-10-01,software
U006030,2025-10-01,none
U006031,2025-10-01,none
U006032,2025-10-01,none
U006033,2025-10-01,insurance
U006034,2025-10-01,mobile
U006035,2025-10-01,gym
U006036,2025-10-01,software
U006037,2025-10-01,gym
U006038,2025-10-01,gym
U006039,2025-10-01,mobile
U006040,2025-10-01,gym
U006041,2025-10-01,music
U006042,2025-10-01,gym
U006043,2025-10-01,none
U006044,2025-10-01,insurance
U006045,2025-10-01,insurance
U006046,2025-10-01,mobile
U006047,2025-10-01,none
U006048,2025-10-01,cloud
U006049,2025-10-01,software
U006050,2025-10-01,music
U006051,2025-10-01,none
U006052,2025-10-01,none
U006053,2025-10-01,gym
U006054,2025-10-01,none
U006055,2025-10-01,music
U006056,2025-10-01,music
U006057,2025-10-01,streaming
U006058,2025-10-01,gym
U006059,2025-10-01,insurance
U006060,2025-10-01,cloud
U006061,2025-10-01,none
U006062,2025-10-01,software
U006063,2025-10-01,gym
U006064,2025-10-01,none
U006065,2025-10-01,none
U006066,2025-10-01,gym
U006067,2025-10-01,gym
U006068,2025-10-01,music
U006069,2025-10-01,gym
U006070,2025-10-01,none
U006071,2025-10-01,music
U006072,2025-10-01,cloud
U006073,2025-10-01,music
U006074,2025-10-01,cloud
U006075,2025-10-01,cloud
U006076,2025-10-01,streaming
U006077,2025-10-01,streaming
U006078,2025-10-01,none
U006079,2025-10-01,none
U006080,2025-10-01,none
U006081,2025-10-01,software
U006082,2025-10-01,streaming
U006083,2025-10-01,none
U006084,2025-10-01,insurance
U006085,2025-10-01,streaming
U006086,2025-10-01,gym
U006087,2025-10-01,music
U006088,2025-10-01,cloud
U006089,2025-10-01,none
U006090,2025-10-01,gym
U006091,2025-10-01,software
U006092,2025-10-01,mobile
U006093,2025-10-01,cloud
U006094,2025-10-01,none
U006095,2025-10-01,cloud
U006096,2025-10-01,software
U006097,2025-10-01,software
U006098,2025-10-01,cloud
U006099,2025-10-01,streaming
U006100,2025-10-01,none
U006101,2025-10-01,none
U006102,2025-10-01,mobile
U006103,2025-10-01,cloud
U006104,2025-10-01,music
U006105,2025-10-01,insurance
U006106,2025-10-01,none
U006107,2025-10-01,mobile
U006108,2025-10-01,streaming
U006109,2025-10-01,gym
U006110,2025-10-01,mobile
U006111,2025-10-01,gym
U006112,2025-10-01,music
U006113,2025-10-01,none
U006114,2025-10-01,streaming
U006115,2025-10-01,mobile
U006116,2025-10-01,mobile
U006117,2025-10-01,insurance
U006118,2025-10-01,none
U006119,2025-10-01,none
U006120,2025-10-01,none
U006121,2025-10-01,streaming
U006122,2025-10-01,mobile
U006123,2025-10-01,insurance
U006124,2025-10-01,none
U006125,2025-10-01,mobile
U006126,2025-10-01,none
U006127,2025-10-01,music
U006128,2025-10-01,none
U006129,2025-10-01,cloud
U006130,2025-10-01,gym
U006131,2025-10-01,insurance
U006132,2025-10-01,none
U006133,2025-10-01,software
U006134,2025-10-01,software
U006135,2025-10-01,none
U006136,2025-10-01,insurance
U006137,2025-10-01,mobile
U006138,2025-10-01,gym
U006139,2025-10-01,insurance
U006140,2025-10-01,software
U006141,2025-10-01,streaming
U006142,2025-10-01,none
U006143,2025-10-01,none
U006144,2025-10-01,insurance
U006145,2025-10-01,software
U006146,2025-10-01,streaming
U006147,2025-10-01,none
U006148,2025-10-01,software
U006149,2025-10-01,none
U006150,2025-10-01,none
U006151,2025-10-01,software
U006152,2025-10-01,gym
U006153,2025-10-01,insurance
U006154,2025-10-01,mobile
U006155,2025-10-01,none
U006156,2025-10-01,cloud
U006157,2025-10-01,gym
U006158,2025-10-01,none
U006159,2025-10-01,mobile
U006160,2025-10-01,none
U006161,2025-10-01,music
U006162,2025-10-01,software
U006163,2025-10-01,music
U006164,2025-10-01,insurance
U006165,2025-10-01,none
U006166,2025-10-01,gym
U006167,2025-10-01,cloud
U006168,2025-10-01,gym
U006169,2025-10-01,cloud
U006170,2025-10-01,software
U006171,2025-10-01,software
U006172,2025-10-01,insurance
U006173,2025-10-01,music
U006174,2025-10-01,insurance
U006175,2025-10-01,software
U006176,2025-10-01,streaming
U006177,2025-10-01,software
U006178,2025-10-01,music
U006179,2025-10-01,music
U006180,2025-10-01,none
U006181,2025-10-01,cloud
U006182,2025-10-01,none
U006183,2025-10-01,none
U006184,2025-10-01,none
U006185,2025-10-01,cloud
U006186,2025-10-01,none
U006187,2025-10-01,cloud
U006188,2025-10-01,none
U006189,2025-10-01,none
U006190,2025-10-01,none
U006191,2025-10-01,mobile
U006192,2025-10-01,none
U006193,2025-10-01,mobile
U006194,2025-10-01,gym
U006195,2025-10-01,none
U006196,2025-10-01,cloud
U006197,2025-10-01,music
U006198,2025-10-01,none
U006199,2025-10-01,none
U006200,2025-10-01,none
U006201,2025-10-01,none
U006202,2025-10-01,none
U006203,2025-10-01,streaming
U006204,2025-10-01,cloud
U006205,2025-10-01,none
U006206,2025-10-01,software
U006207,2025-10-01,mobile
U006208,2025-10-01,insurance
U006209,2025-10-01,none
U006210,2025-10-01,music
U006211,2025-10-01,software
U006212,2025-10-01,mobile
U006213,2025-10-01,streaming
U006214,2025-10-01,none
U006215,2025-10-01,none
U006216,2025-10-01,software
U006217,2025-10-01,none
U006218,2025-10-01,none
U006219,2025-10-01,music
U006220,2025-10-01,insurance
U006221,2025-10-01,none
U006222,2025-10-01,streaming
U006223,2025-10-01,cloud
U006224,2025-10-01,none
U006225,2025-10-01,cloud
U006226,2025-10-01,none
U006227,2025-10-01,cloud
U006228,2025-10-01,insurance
U006229,2025-10-01,none
U006230,2025-10-01,insurance
U006231,2025-10-01,cloud
U006232,2025-10-01,cloud
U006233,2025-10-01,gym
U006234,2025-10-01,mobile
U006235,2025-10-01,none
U006236,2025-10-01,none
U006237,2025-10-01,none
U006238,2025-10-01,cloud
U006239,2025-10-01,mobile
U006240,2025-10-01,software
U006241,2025-10-01,none
U006242,2025-10-01,none
U006243,2025-10-01,none
U006244,2025-10-01,music
U006245,2025-10-01,gym
U006246,2025-10-01,none
U006247,2025-10-01,software
U006248,2025-10-01,streaming
U006249,2025-10-01,software
U006250,2025-10-01,cloud
U006251,2025-10-01,insurance
U006252,2025-10-01,streaming
U006253,2025-10-01,none
U006254,2025-10-01,software
U006255,2025-10-01,none
U006256,2025-10-01,none
U006257,2025-10-01,streaming
U006258,2025-10-01,none
U006259,2025-10-01,music
U006260,2025-10-01,none
U006261,2025-10-01,streaming
U006262,2025-10-01,cloud
U006263,2025-10-01,none
U006264,2025-10-01,cloud
U006265,2025-10-01,streaming
U006266,2025-10-01,gym
U006267,2025-10-01,streaming
U006268,2025-10-01,software
U006269,2025-10-01,gym
U006270,2025-10-01,cloud
U006271,2025-10-01,none
U006272,2025-10-01,music
U006273,2025-10-01,music
U006274,2025-10-01,cloud
U006275,2025-10-01,gym
U006276,2025-10-01,cloud
U006277,2025-10-01,music
U006278,2025-10-01,insurance
U006279,2025-10-01,none
U006280,2025-10-01,none
U006281,2025-10-01,none
U006282,2025-10-01,gym
U006283,2025-10-01,music
U006284,2025-10-01,none
U006285,2025-10-01,music
U006286,2025-10-01,none
U006287,2025-10-01,none
U006288,2025-10-01,none
U006289,2025-10-01,none
U006290,2025-10-01,music
U006291,2025-10-01,mobile
U006292,2025-10-01,insurance
U006293,2025-10-01,insurance
U006294,2025-10-01,streaming
U006295,2025-10-01,cloud
U006296,2025-10-01,none
U006297,2025-10-01,music
U006298,2025-10-01,none
U006299,2025-10-01,none
U006300,2025-10-01,cloud
U006301,2025-10-01,streaming
U006302,2025-10-01,cloud
U006303,2025-10-01,insurance
U006304,2025-10-01,software
U006305,2025-10-01,software
U006306,2025-10-01,gym
U006307,2025-10-01,mobile
U006308,2025-10-01,insurance
U006309,2025-10-01,streaming
U006310,2025-10-01,insurance
U006311,2025-10-01,music
U006312,2025-10-01,mobile
U006313,2025-10-01,cloud
U006314,2025-10-01,cloud
U006315,2025-10-01,insurance
U006316,2025-10-01,none
U006317,2025-10-01,gym
U006318,2025-10-01,insurance
U006319,2025-10-01,music
U006320,2025-10-01,gym
U006321,2025-10-01,cloud
U006322,2025-10-01,none
U006323,2025-10-01,music
U006324,2025-10-01,insurance
U006325,2025-10-01,mobile
U006326,2025-10-01,software
U006327,2025-10-01,none
U006328,2025-10-01,music
U006329,2025-10-01,gym
U006330,2025-10-01,gym
U006331,2025-10-01,gym
U006332,2025-10-01,none
U006333,2025-10-01,insurance
U006334,2025-10-01,cloud
U006335,2025-10-01,streaming
U006336,2025-10-01,cloud
U006337,2025-10-01,mobile
U006338,2025-10-01,insurance
U006339,2025-10-01,none
U006340,2025-10-01,insurance
U006341,2025-10-01,software
U006342,2025-10-01,none
U006343,2025-10-01,insurance
U006344,2025-10-01,none
U006345,2025-10-01,streaming
U006346,2025-10-01,none
U006347,2025-10-01,none
U006348,2025-10-01,software
U006349,2025-10-01,mobile
U006350,2025-10-01,streaming
U006351,2025-10-01,gym
U006352,2025-10-01,none
U006353,2025-10-01,streaming
U006354,2025-10-01,none
U006355,2025-10-01,gym
U006356,2025-10-01,gym
U006357,2025-10-01,music
U006358,2025-10-01,insurance
U006359,2025-10-01,insurance
U006360,2025-10-01,music
U006361,2025-10-01,none
U006362,2025-10-01,mobile
U006363,2025-10-01,none
U006364,2025-10-01,none
U006365,2025-10-01,none
U006366,2025-10-01,none
U006367,2025-10-01,none
U006368,2025-10-01,streaming
U006369,2025-10-01,gym
U006370,2025-10-01,mobile
U006371,2025-10-01,cloud
U006372,2025-10-01,mobile
U006373,2025-10-01,insurance
U006374,2025-10-01,gym
U006375,2025-10-01,mobile
U006376,2025-10-01,none
U006377,2025-10-01,cloud
U006378,2025-10-01,streaming
U006379,2025-10-01,cloud
U006380,2025-10-01,music
U006381,2025-10-01,none
U006382,2025-10-01,software
U006383,2025-10-01,music
U006384,2025-10-01,software
U006385,2025-10-01,streaming
U006386,2025-10-01,software
U006387,2025-10-01,mobile
U006388,2025-10-01,music
U006389,2025-10-01,none
U006390,2025-10-01,none
U006391,2025-10-01,gym
U006392,2025-10-01,none
U006393,2025-10-01,cloud
U006394,2025-10-01,music
U006395,2025-10-01,streaming
U006396,2025-10-01,mobile
U006397,2025-10-01,software
U006398,2025-10-01,mobile
U006399,2025-10-01,gym
U006400,2025-10-01,streaming
U006401,2025-10-01,software
U006402,2025-10-01,cloud
U006403,2025-10-01,gym
U006404,2025-10-01,none
U006405,2025-10-01,gym
U006406,2025-10-01,none
U006407,2025-10-01,cloud
U006408,2025-10-01,gym
U006409,2025-10-01,software
U006410,2025-10-01,none
U006411,2025-10-01,none
U006412,2025-10-01,mobile
U006413,2025-10-01,gym
U006414,2025-10-01,mobile
U006415,2025-10-01,none
U006416,2025-10-01,none
U006417,2025-10-01,cloud
U006418,2025-10-01,none
U006419,2025-10-01,none
U006420,2025-10-01,music
U006421,2025-10-01,none
U006422,2025-10-01,none
U006423,2025-10-01,gym
U006424,2025-10-01,none
U006425,2025-10-01,gym
U006426,2025-10-01,none
U006427,2025-10-01,software
U006428,2025-10-01,music
U006429,2025-10-01,mobile
U006430,2025-10-01,music
U006431,2025-10-01,none
U006432,2025-10-01,software
U006433,2025-10-01,mobile
U006434,2025-10-01,none
U006435,2025-10-01,none
U006436,2025-10-01,music
U006437,2025-10-01,gym
U006438,2025-10-01,none
U006439,2025-10-01,none
U006440,2025-10-01,none
U006441,2025-10-01,gym
U006442,2025-10-01,none
U006443,2025-10-01,streaming
U006444,2025-10-01,none
U006445,2025-10-01,software
U006446,2025-10-01,music
U006447,2025-10-01,none
U006448,2025-10-01,music
U006449,2025-10-01,mobile
U006450,2025-10-01,software
U006451,2025-10-01,gym
U006452,2025-10-01,streaming
U006453,2025-10-01,gym
U006454,2025-10-01,gym
U006455,2025-10-01,gym
U006456,2025-10-01,none
U006457,2025-10-01,software
U006458,2025-10-01,music
U006459,2025-10-01,mobile
U006460,2025-10-01,streaming
U006461,2025-10-01,none
U006462,2025-10-01,none
U006463,2025-10-01,streaming
U006464,2025-10-01,software
U006465,2025-10-01,music
U006466,2025-10-01,insurance
U006467,2025-10-01,none
U006468,2025-10-01,none
U006469,2025-10-01,streaming
U006470,2025-10-01,none
U006471,2025-10-01,mobile
U006472,2025-10-01,gym
U006473,2025-10-01,streaming
U006474,2025-10-01,music
U006475,2025-10-01,none
U006476,2025-10-01,none
U006477,2025-10-01,none
U006478,2025-10-01,none
U006479,2025-10-01,none
U006480,2025-10-01,mobile
U006481,2025-10-01,gym
U006482,2025-10-01,none
U006483,2025-10-01,insurance
U006484,2025-10-01,software
U006485,2025-10-01,none
U006486,2025-10-01,mobile
U006487,2025-10-01,insurance
U006488,2025-10-01,mobile
U006489,2025-10-01,none
U006490,2025-10-01,music
U006491,2025-10-01,software
U006492,2025-10-01,music
U006493,2025-10-01,none
U006494,2025-10-01,insurance
U006495,2025-10-01,music
U006496,2025-10-01,mobile
U006497,2025-10-01,mobile
U006498,2025-10-01,cloud
U006499,2025-10-01,software
U006500,2025-10-01,software
U006501,2025-10-01,insurance
U006502,2025-10-01,gym
U006503,2025-10-01,none
U006504,2025-10-01,gym
U006505,2025-10-01,cloud
U006506,2025-10-01,none
U006507,2025-10-01,gym
U006508,2025-10-01,software
U006509,2025-10-01,insurance
U006510,2025-10-01,mobile
U006511,2025-10-01,streaming
U006512,2025-10-01,none
U006513,2025-10-01,none
U006514,2025-10-01,none
U006515,2025-10-01,none
U006516,2025-10-01,software
U006517,2025-10-01,streaming
U006518,2025-10-01,insurance
U006519,2025-10-01,none
U006520,2025-10-01,streaming
U006521,2025-10-01,music
U006522,2025-10-01,cloud
U006523,2025-10-01,mobile
U006524,2025-10-01,software
U006525,2025-10-01,mobile
U006526,2025-10-01,insurance
U006527,2025-10-01,music
U006528,2025-10-01,software
U006529,2025-10-01,streaming
U006530,2025-10-01,gym
U006531,2025-10-01,cloud
U006532,2025-10-01,none
U006533,2025-10-01,none
U006534,2025-10-01,none
U006535,2025-10-01,none
U006536,2025-10-01,none
U006537,2025-10-01,none
U006538,2025-10-01,none
U006539,2025-10-01,music
U006540,2025-10-01,none
U006541,2025-10-01,software
U006542,2025-10-01,insurance
U006543,2025-10-01,none
U006544,2025-10-01,none
U006545,2025-10-01,insurance
U006546,2025-10-01,none
U006547,2025-10-01,software
U006548,2025-10-01,insurance
U006549,2025-10-01,software
U006550,2025-10-01,none
U006551,2025-10-01,mobile
U006552,2025-10-01,none
U006553,2025-10-01,none
U006554,2025-10-01,mobile
U006555,2025-10-01,streaming
U006556,2025-10-01,software
U006557,2025-10-01,mobile
U006558,2025-10-01,none
U006559,2025-10-01,software
U006560,2025-10-01,gym
U006561,2025-10-01,none
U006562,2025-10-01,none
U006563,2025-10-01,cloud
U006564,2025-10-01,music
U006565,2025-10-01,cloud
U006566,2025-10-01,gym
U006567,2025-10-01,insurance
U006568,2025-10-01,music
U006569,2025-10-01,none
U006570,2025-10-01,software
U006571,2025-10-01,gym
U006572,2025-10-01,none
U006573,2025-10-01,none
U006574,2025-10-01,none
U006575,2025-10-01,none
U006576,2025-10-01,none
U006577,2025-10-01,music
U006578,2025-10-01,none
U006579,2025-10-01,none
U006580,2025-10-01,none
U006581,2025-10-01,gym
U006582,2025-10-01,gym
U006583,2025-10-01,streaming
U006584,2025-10-01,mobile
U006585,2025-10-01,insurance
U006586,2025-10-01,mobile
U006587,2025-10-01,music
U006588,2025-10-01,insurance
U006589,2025-10-01,gym
U006590,2025-10-01,software
U006591,2025-10-01,music
U006592,2025-10-01,insurance
U006593,2025-10-01,none
U006594,2025-10-01,none
U006595,2025-10-01,none
U006596,2025-10-01,none
U006597,2025-10-01,gym
U006598,2025-10-01,software
U006599,2025-10-01,software
U006600,2025-10-01,none
U006601,2025-10-01,streaming
U006602,2025-10-01,none
U006603,2025-10-01,none
U006604,2025-10-01,cloud
U006605,2025-10-01,cloud
U006606,2025-10-01,gym
U006607,2025-10-01,mobile
U006608,2025-10-01,streaming
U006609,2025-10-01,streaming
U006610,2025-10-01,none
U006611,2025-10-01,software
U006612,2025-10-01,gym
U006613,2025-10-01,music
U006614,2025-10-01,insurance
U006615,2025-10-01,music
U006616,2025-10-01,gym
U006617,2025-10-01,none
U006618,2025-10-01,gym
U006619,2025-10-01,gym
U006620,2025-10-01,insurance
U006621,2025-10-01,streaming
U006622,2025-10-01,none
U006623,2025-10-01,none
U006624,2025-10-01,none
U006625,2025-10-01,mobile
U006626,2025-10-01,software
U006627,2025-10-01,music
U006628,2025-10-01,none
U006629,2025-10-01,software
U006630,2025-10-01,none
U006631,2025-10-01,cloud
U006632,2025-10-01,music
U006633,2025-10-01,mobile
U006634,2025-10-01,streaming
U006635,2025-10-01,gym
U006636,2025-10-01,music
U006637,2025-10-01,software
U006638,2025-10-01,music
U006639,2025-10-01,none
U006640,2025-10-01,none
U006641,2025-10-01,none
U006642,2025-10-01,none
U006643,2025-10-01,none
U006644,2025-10-01,streaming
U006645,2025-10-01,none
U006646,2025-10-01,none
U006647,2025-10-01,streaming
U006648,2025-10-01,none
U006649,2025-10-01,mobile
U006650,2025-10-01,mobile
U006651,2025-10-01,software
U006652,2025-10-01,software
U006653,2025-10-01,mobile
U006654,2025-10-01,mobile
U006655,2025-10-01,insurance
U006656,2025-10-01,none
U006657,2025-10-01,none
U006658,2025-10-01,insurance
U006659,2025-10-01,music
U006660,2025-10-01,gym
U006661,2025-10-01,gym
U006662,2025-10-01,software
U006663,2025-10-01,none
U006664,2025-10-01,gym
U006665,2025-10-01,streaming
U006666,2025-10-01,none
U006667,2025-10-01,software
U006668,2025-10-01,gym
U006669,2025-10-01,streaming
U006670,2025-10-01,streaming
U006671,2025-10-01,cloud
U006672,2025-10-01,none
U006673,2025-10-01,mobile
U006674,2025-10-01,insurance
U006675,2025-10-01,insurance
U006676,2025-10-01,none
U006677,2025-10-01,gym
U006678,2025-10-01,cloud
U006679,2025-10-01,music
U006680,2025-10-01,insurance
U006681,2025-10-01,none
U006682,2025-10-01,none
U006683,2025-10-01,none
U006684,2025-10-01,music
U006685,2025-10-01,none
U006686,2025-10-01,mobile
U006687,2025-10-01,gym
U006688,2025-10-01,streaming
U006689,2025-10-01,cloud
U006690,2025-10-01,insurance
U006691,2025-10-01,none
U006692,2025-10-01,none
U006693,2025-10-01,gym
U006694,2025-10-01,none
U006695,2025-10-01,none
U006696,2025-10-01,music
U006697,2025-10-01,gym
U006698,2025-10-01,none
U006699,2025-10-01,mobile
U006700,2025-10-01,none
U006701,2025-10-01,streaming
U006702,2025-10-01,none
U006703,2025-10-01,insurance
U006704,2025-10-01,music
U006705,2025-10-01,none
U006706,2025-10-01,music
U006707,2025-10-01,streaming
U006708,2025-10-01,cloud
U006709,2025-10-01,software
U006710,2025-10-01,music
U006711,2025-10-01,none
U006712,2025-10-01,none
U006713,2025-10-01,gym
U006714,2025-10-01,gym
U006715,2025-10-01,cloud
U006716,2025-10-01,software
U006717,2025-10-01,gym
U006718,2025-10-01,none
U006719,2025-10-01,none
U006720,2025-10-01,music
U006721,2025-10-01,none
U006722,2025-10-01,none
U006723,2025-10-01,none
U006724,2025-10-01,none
U006725,2025-10-01,streaming
U006726,2025-10-01,mobile
U006727,2025-10-01,software
U006728,2025-10-01,cloud
U006729,2025-10-01,mobile
U006730,2025-10-01,music
U006731,2025-10-01,cloud
U006732,2025-10-01,none
U006733,2025-10-01,insurance
U006734,2025-10-01,insurance
U006735,2025-10-01,none
U006736,2025-10-01,gym
U006737,2025-10-01,streaming
U006738,2025-10-01,cloud
U006739,2025-10-01,software
U006740,2025-10-01,none
U006741,2025-10-01,software
U006742,2025-10-01,mobile
U006743,2025-10-01,streaming
U006744,2025-10-01,gym
U006745,2025-10-01,gym
U006746,2025-10-01,none
U006747,2025-10-01,none
U006748,2025-10-01,none
U006749,2025-10-01,insurance
U006750,2025-10-01,software
U006751,2025-10-01,cloud
U006752,2025-10-01,insurance
U006753,2025-10-01,insurance
U006754,2025-10-01,cloud
U006755,2025-10-01,none
U006756,2025-10-01,music
U006757,2025-10-01,none
U006758,2025-10-01,cloud
U006759,2025-10-01,gym
U006760,2025-10-01,cloud
U006761,2025-10-01,none
U006762,2025-10-01,gym
U006763,2025-10-01,music
U006764,2025-10-01,music
U006765,2025-10-01,gym
U006766,2025-10-01,cloud
U006767,2025-10-01,cloud
U006768,2025-10-01,mobile
U006769,2025-10-01,none
U006770,2025-10-01,insurance
U006771,2025-10-01,streaming
U006772,2025-10-01,streaming
U006773,2025-10-01,insurance
U006774,2025-10-01,none
U006775,2025-10-01,insurance
U006776,2025-10-01,none
U006777,2025-10-01,none
U006778,2025-10-01,none
U006779,2025-10-01,none
U006780,2025-10-01,none
U006781,2025-10-01,none
U006782,2025-10-01,none
U006783,2025-10-01,streaming
U006784,2025-10-01,none
U006785,2025-10-01,none
U006786,2025-10-01,cloud
U006787,2025-10-01,none
U006788,2025-10-01,none
U006789,2025-10-01,music
U006790,2025-10-01,music
U006791,2025-10-01,gym
U006792,2025-10-01,none
U006793,2025-10-01,gym
U006794,2025-10-01,none
U006795,2025-10-01,music
U006796,2025-10-01,none
U006797,2025-10-01,none
U006798,2025-10-01,none
U006799,2025-10-01,music
U006800,2025-10-01,none
U006801,2025-10-01,insurance
U006802,2025-10-01,gym
U006803,2025-10-01,mobile
U006804,2025-10-01,music
U006805,2025-10-01,gym
U006806,2025-10-01,insurance
U006807,2025-10-01,none
U006808,2025-10-01,software
U006809,2025-10-01,none
U006810,2025-10-01,mobile
U006811,2025-10-01,none
U006812,2025-10-01,mobile
U006813,2025-10-01,music
U006814,2025-10-01,none
U006815,2025-10-01,none
U006816,2025-10-01,software
U006817,2025-10-01,software
U006818,2025-10-01,none
U006819,2025-10-01,insurance
U006820,2025-10-01,software
U006821,2025-10-01,streaming
U006822,2025-10-01,none
U006823,2025-10-01,none
U006824,2025-10-01,insurance
U006825,2025-10-01,cloud
U006826,2025-10-01,software
U006827,2025-10-01,none
U006828,2025-10-01,none
U006829,2025-10-01,mobile
U006830,2025-10-01,software
U006831,2025-10-01,software
U006832,2025-10-01,software
U006833,2025-10-01,gym
U006834,2025-10-01,none
U006835,2025-10-01,streaming
U006836,2025-10-01,cloud
U006837,2025-10-01,insurance
U006838,2025-10-01,none
U006839,2025-10-01,none
U006840,2025-10-01,mobile
U006841,2025-10-01,none
U006842,2025-10-01,streaming
U006843,2025-10-01,mobile
U006844,2025-10-01,insurance
U006845,2025-10-01,mobile
U006846,2025-10-01,software
U006847,2025-10-01,software
U006848,2025-10-01,music
U006849,2025-10-01,software
U006850,2025-10-01,none
U006851,2025-10-01,mobile
U006852,2025-10-01,none
U006853,2025-10-01,software
U006854,2025-10-01,streaming
U006855,2025-10-01,cloud
U006856,2025-10-01,software
U006857,2025-10-01,gym
U006858,2025-10-01,none
U006859,2025-10-01,software
U006860,2025-10-01,insurance
U006861,2025-10-01,gym
U006862,2025-10-01,none
U006863,2025-10-01,none
U006864,2025-10-01,none
U006865,2025-10-01,insurance
U006866,2025-10-01,cloud
U006867,2025-10-01,software
U006868,2025-10-01,gym
U006869,2025-10-01,insurance
U006870,2025-10-01,none
U006871,2025-10-01,gym
U006872,2025-10-01,insurance
U006873,2025-10-01,none
U006874,2025-10-01,music
U006875,2025-10-01,none
U006876,2025-10-01,none
U006877,2025-10-01,software
U006878,2025-10-01,none
U006879,2025-10-01,software
U006880,2025-10-01,none
U006881,2025-10-01,music
U006882,2025-10-01,gym
U006883,2025-10-01,streaming
U006884,2025-10-01,gym
U006885,2025-10-01,none
U006886,2025-10-01,software
U006887,2025-10-01,cloud
U006888,2025-10-01,music
U006889,2025-10-01,none
U006890,2025-10-01,none
U006891,2025-10-01,streaming
U006892,2025-10-01,mobile
U006893,2025-10-01,none
U006894,2025-10-01,gym
U006895,2025-10-01,software
U006896,2025-10-01,gym
U006897,2025-10-01,none
U006898,2025-10-01,cloud
U006899,2025-10-01,gym
U006900,2025-10-01,insurance
U006901,2025-10-01,insurance
U006902,2025-10-01,cloud
U006903,2025-10-01,none
U006904,2025-10-01,cloud
U006905,2025-10-01,cloud
U006906,2025-10-01,gym
U006907,2025-10-01,none
U006908,2025-10-01,streaming
U006909,2025-10-01,none
U006910,2025-10-01,insurance
U006911,2025-10-01,none
U006912,2025-10-01,cloud
U006913,2025-10-01,streaming
U006914,2025-10-01,none
U006915,2025-10-01,mobile
U006916,2025-10-01,cloud
U006917,2025-10-01,none
U006918,2025-10-01,software
U006919,2025-10-01,software
U006920,2025-10-01,insurance
U006921,2025-10-01,insurance
U006922,2025-10-01,gym
U006923,2025-10-01,streaming
U006924,2025-10-01,cloud
U006925,2025-10-01,mobile
U006926,2025-10-01,insurance
U006927,2025-10-01,none
U006928,2025-10-01,insurance
U006929,2025-10-01,none
U006930,2025-10-01,none
U006931,2025-10-01,software
U006932,2025-10-01,streaming
U006933,2025-10-01,gym
U006934,2025-10-01,none
U006935,2025-10-01,mobile
U006936,2025-10-01,none
U006937,2025-10-01,software
U006938,2025-10-01,none
U006939,2025-10-01,streaming
U006940,2025-10-01,streaming
U006941,2025-10-01,gym
U006942,2025-10-01,streaming
U006943,2025-10-01,music
U006944,2025-10-01,mobile
U006945,2025-10-01,gym
U006946,2025-10-01,gym
U006947,2025-10-01,none
U006948,2025-10-01,cloud
U006949,2025-10-01,streaming
U006950,2025-10-01,mobile
U006951,2025-10-01,gym
U006952,2025-10-01,cloud
U006953,2025-10-01,gym
U006954,2025-10-01,cloud
U006955,2025-10-01,mobile
U006956,2025-10-01,none
U006957,2025-10-01,gym
U006958,2025-10-01,none
U006959,2025-10-01,none
U006960,2025-10-01,none
U006961,2025-10-01,none
U006962,2025-10-01,none
U006963,2025-10-01,insurance
U006964,2025-10-01,gym
U006965,2025-10-01,gym
U006966,2025-10-01,none
U006967,2025-10-01,gym
U006968,2025-10-01,none
U006969,2025-10-01,none
U006970,2025-10-01,none
U006971,2025-10-01,none
U006972,2025-10-01,software
U006973,2025-10-01,music
U006974,2025-10-01,none
U006975,2025-10-01,cloud
U006976,2025-10-01,none
U006977,2025-10-01,none
U006978,2025-10-01,software
U006979,2025-10-01,insurance
U006980,2025-10-01,streaming
U006981,2025-10-01,insurance
U006982,2025-10-01,none
U006983,2025-10-01,streaming
U006984,2025-10-01,insurance
U006985,2025-10-01,streaming
U006986,2025-10-01,music
U006987,2025-10-01,insurance
U006988,2025-10-01,none
U006989,2025-10-01,none
U006990,2025-10-01,none
U006991,2025-10-01,none
U006992,2025-10-01,software
U006993,2025-10-01,music
U006994,2025-10-01,none
U006995,2025-10-01,none
U006996,2025-10-01,gym
U006997,2025-10-01,music
U006998,2025-10-01,insurance
U006999,2025-10-01,gym
U007000,2025-10-01,none
U007001,2025-10-01,none
U007002,2025-10-01,music
U007003,2025-10-01,none
U007004,2025-10-01,none
U007005,2025-10-01,none
U007006,2025-10-01,software
U007007,2025-10-01,none
U007008,2025-10-01,none
U007009,2025-10-01,mobile
U007010,2025-10-01,insurance
U007011,2025-10-01,software
U007012,2025-10-01,software
U007013,2025-10-01,software
U007014,2025-10-01,music
U007015,2025-10-01,software
U007016,2025-10-01,gym
U007017,2025-10-01,software
U007018,2025-10-01,music
U007019,2025-10-01,streaming
U007020,2025-10-01,cloud
U007021,2025-10-01,none
U007022,2025-10-01,cloud
U007023,2025-10-01,none
U007024,2025-10-01,music
U007025,2025-10-01,insurance
U007026,2025-10-01,insurance
U007027,2025-10-01,mobile
U007028,2025-10-01,insurance
U007029,2025-10-01,streaming
U007030,2025-10-01,software
U007031,2025-10-01,mobile
U007032,2025-10-01,streaming
U007033,2025-10-01,none
U007034,2025-10-01,cloud
U007035,2025-10-01,cloud
U007036,2025-10-01,cloud
U007037,2025-10-01,cloud
U007038,2025-10-01,streaming
U007039,2025-10-01,none
U007040,2025-10-01,streaming
U007041,2025-10-01,streaming
U007042,2025-10-01,software
U007043,2025-10-01,software
U007044,2025-10-01,insurance
U007045,2025-10-01,software
U007046,2025-10-01,none
U007047,2025-10-01,mobile
U007048,2025-10-01,software
U007049,2025-10-01,mobile
U007050,2025-10-01,insurance
U007051,2025-10-01,none
U007052,2025-10-01,mobile
U007053,2025-10-01,none
U007054,2025-10-01,insurance
U007055,2025-10-01,insurance
U007056,2025-10-01,mobile
U007057,2025-10-01,gym
U007058,2025-10-01,cloud
U007059,2025-10-01,insurance
U007060,2025-10-01,cloud
U007061,2025-10-01,music
U007062,2025-10-01,streaming
U007063,2025-10-01,mobile
U007064,2025-10-01,gym
U007065,2025-10-01,none
U007066,2025-10-01,none
U007067,2025-10-01,mobile
U007068,2025-10-01,mobile
U007069,2025-10-01,insurance
U007070,2025-10-01,none
U007071,2025-10-01,cloud
U007072,2025-10-01,mobile
U007073,2025-10-01,none
U007074,2025-10-01,none
U007075,2025-10-01,software
U007076,2025-10-01,software
U007077,2025-10-01,none
U007078,2025-10-01,software
U007079,2025-10-01,none
U007080,2025-10-01,mobile
U007081,2025-10-01,cloud
U007082,2025-10-01,insurance
U007083,2025-10-01,none
U007084,2025-10-01,none
U007085,2025-10-01,gym
U007086,2025-10-01,insurance
U007087,2025-10-01,none
U007088,2025-10-01,cloud
U007089,2025-10-01,mobile
U007090,2025-10-01,cloud
U007091,2025-10-01,streaming
U007092,2025-10-01,software
U007093,2025-10-01,gym
U007094,2025-10-01,none
U007095,2025-10-01,software
U007096,2025-10-01,gym
U007097,2025-10-01,cloud
U007098,2025-10-01,mobile
U007099,2025-10-01,software
U007100,2025-10-01,software
U007101,2025-10-01,none
U007102,2025-10-01,mobile
U007103,2025-10-01,insurance
U007104,2025-10-01,streaming
U007105,2025-10-01,none
U007106,2025-10-01,streaming
U007107,2025-10-01,cloud
U007108,2025-10-01,insurance
U007109,2025-10-01,none
U007110,2025-10-01,streaming
U007111,2025-10-01,software
U007112,2025-10-01,none
U007113,2025-10-01,none
U007114,2025-10-01,cloud
U007115,2025-10-01,none
U007116,2025-10-01,none
U007117,2025-10-01,software
U007118,2025-10-01,insurance
U007119,2025-10-01,mobile
U007120,2025-10-01,software
U007121,2025-10-01,insurance
U007122,2025-10-01,software
U007123,2025-10-01,music
U007124,2025-10-01,none
U007125,2025-10-01,insurance
U007126,2025-10-01,streaming
U007127,2025-10-01,insurance
U007128,2025-10-01,mobile
U007129,2025-10-01,software
U007130,2025-10-01,insurance
U007131,2025-10-01,none
U007132,2025-10-01,mobile
U007133,2025-10-01,streaming
U007134,2025-10-01,cloud
U007135,2025-10-01,gym
U007136,2025-10-01,cloud
U007137,2025-10-01,cloud
U007138,2025-10-01,insurance
U007139,2025-10-01,none
U007140,2025-10-01,none
U007141,2025-10-01,none
U007142,2025-10-01,none
U007143,2025-10-01,gym
U007144,2025-10-01,software
U007145,2025-10-01,streaming
U007146,2025-10-01,insurance
U007147,2025-10-01,none
U007148,2025-10-01,none
U007149,2025-10-01,gym
U007150,2025-10-01,none
U007151,2025-10-01,mobile
U007152,2025-10-01,software
U007153,2025-10-01,gym
U007154,2025-10-01,mobile
U007155,2025-10-01,none
U007156,2025-10-01,insurance
U007157,2025-10-01,mobile
U007158,2025-10-01,music
U007159,2025-10-01,none
U007160,2025-10-01,cloud
U007161,2025-10-01,cloud
U007162,2025-10-01,software
U007163,2025-10-01,none
U007164,2025-10-01,none
U007165,2025-10-01,streaming
U007166,2025-10-01,insurance
U007167,2025-10-01,none
U007168,2025-10-01,none
U007169,2025-10-01,mobile
U007170,2025-10-01,software
U007171,2025-10-01,mobile
U007172,2025-10-01,software
U007173,2025-10-01,none
U007174,2025-10-01,streaming
U007175,2025-10-01,gym
U007176,2025-10-01,streaming
U007177,2025-10-01,streaming
U007178,2025-10-01,cloud
U007179,2025-10-01,mobile
U007180,2025-10-01,gym
U007181,2025-10-01,mobile
U007182,2025-10-01,streaming
U007183,2025-10-01,gym
U007184,2025-10-01,software
U007185,2025-10-01,cloud
U007186,2025-10-01,none
U007187,2025-10-01,none
U007188,2025-10-01,none
U007189,2025-10-01,cloud
U007190,2025-10-01,music
U007191,2025-10-01,insurance
U007192,2025-10-01,cloud
U007193,2025-10-01,software
U007194,2025-10-01,mobile
U007195,2025-10-01,streaming
U007196,2025-10-01,streaming
U007197,2025-10-01,music
U007198,2025-10-01,none
U007199,2025-10-01,gym
U007200,2025-10-01,none
U007201,2025-10-01,gym
U007202,2025-10-01,software
U007203,2025-10-01,none
U007204,2025-10-01,none
U007205,2025-10-01,none
U007206,2025-10-01,cloud
U007207,2025-10-01,insurance
U007208,2025-10-01,software
U007209,2025-10-01,none
U007210,2025-10-01,none
U007211,2025-10-01,mobile
U007212,2025-10-01,gym
U007213,2025-10-01,software
U007214,2025-10-01,streaming
U007215,2025-10-01,streaming
U007216,2025-10-01,cloud
U007217,2025-10-01,none
U007218,2025-10-01,none
U007219,2025-10-01,insurance
U007220,2025-10-01,software
U007221,2025-10-01,gym
U007222,2025-10-01,none
U007223,2025-10-01,none
U007224,2025-10-01,insurance
U007225,2025-10-01,mobile
U007226,2025-10-01,none
U007227,2025-10-01,none
U007228,2025-10-01,streaming
U007229,2025-10-01,streaming
U007230,2025-10-01,software
U007231,2025-10-01,streaming
U007232,2025-10-01,none
U007233,2025-10-01,none
U007234,2025-10-01,software
U007235,2025-10-01,gym
U007236,2025-10-01,gym
U007237,2025-10-01,none
U007238,2025-10-01,music
U007239,2025-10-01,software
U007240,2025-10-01,none
U007241,2025-10-01,insurance
U007242,2025-10-01,cloud
U007243,2025-10-01,none
U007244,2025-10-01,music
U007245,2025-10-01,none
U007246,2025-10-01,none
U007247,2025-10-01,none
U007248,2025-10-01,none
U007249,2025-10-01,music
U007250,2025-10-01,none
U007251,2025-10-01,none
U007252,2025-10-01,streaming
U007253,2025-10-01,cloud
U007254,2025-10-01,none
U007255,2025-10-01,gym
U007256,2025-10-01,none
U007257,2025-10-01,none
U007258,2025-10-01,gym
U007259,2025-10-01,streaming
U007260,2025-10-01,software
U007261,2025-10-01,none
U007262,2025-10-01,mobile
U007263,2025-10-01,none
U007264,2025-10-01,cloud
U007265,2025-10-01,none
U007266,2025-10-01,none
U007267,2025-10-01,mobile
U007268,2025-10-01,insurance
U007269,2025-10-01,gym
U007270,2025-10-01,insurance
U007271,2025-10-01,none
U007272,2025-10-01,cloud
U007273,2025-10-01,none
U007274,2025-10-01,insurance
U007275,2025-10-01,none
U007276,2025-10-01,cloud
U007277,2025-10-01,none
U007278,2025-10-01,none
U007279,2025-10-01,mobile
U007280,2025-10-01,mobile
U007281,2025-10-01,none
U007282,2025-10-01,mobile
U007283,2025-10-01,none
U007284,2025-10-01,software
U007285,2025-10-01,cloud
U007286,2025-10-01,software
U007287,2025-10-01,cloud
U007288,2025-10-01,gym
U007289,2025-10-01,music
U007290,2025-10-01,mobile
U007291,2025-10-01,cloud
U007292,2025-10-01,gym
U007293,2025-10-01,insurance
U007294,2025-10-01,none
U007295,2025-10-01,none
U007296,2025-10-01,cloud
U007297,2025-10-01,none
U007298,2025-10-01,gym
U007299,2025-10-01,gym
U007300,2025-10-01,none
U007301,2025-10-01,none
U007302,2025-10-01,gym
U007303,2025-10-01,none
U007304,2025-10-01,streaming
U007305,2025-10-01,insurance
U007306,2025-10-01,none
U007307,2025-10-01,gym
U007308,2025-10-01,cloud
U007309,2025-10-01,mobile
U007310,2025-10-01,streaming
U007311,2025-10-01,cloud
U007312,2025-10-01,none
U007313,2025-10-01,cloud
U007314,2025-10-01,gym
U007315,2025-10-01,none
U007316,2025-10-01,none
U007317,2025-10-01,none
U007318,2025-10-01,streaming
U007319,2025-10-01,software
U007320,2025-10-01,insurance
U007321,2025-10-01,none
U007322,2025-10-01,none
U007323,2025-10-01,streaming
U007324,2025-10-01,none
U007325,2025-10-01,none
U007326,2025-10-01,insurance
U007327,2025-10-01,cloud
U007328,2025-10-01,none
U007329,2025-10-01,music
U007330,2025-10-01,none
U007331,2025-10-01,gym
U007332,2025-10-01,none
U007333,2025-10-01,streaming
U007334,2025-10-01,music
U007335,2025-10-01,none
U007336,2025-10-01,insurance
U007337,2025-10-01,streaming
U007338,2025-10-01,mobile
U007339,2025-10-01,none
U007340,2025-10-01,mobile
U007341,2025-10-01,music
U007342,2025-10-01,streaming
U007343,2025-10-01,none
U007344,2025-10-01,streaming
U007345,2025-10-01,none
U007346,2025-10-01,insurance
U007347,2025-10-01,software
U007348,2025-10-01,none
U007349,2025-10-01,none
U007350,2025-10-01,cloud
U007351,2025-10-01,insurance
U007352,2025-10-01,cloud
U007353,2025-10-01,insurance
U007354,2025-10-01,none
U007355,2025-10-01,gym
U007356,2025-10-01,none
U007357,2025-10-01,mobile
U007358,2025-10-01,cloud
U007359,2025-10-01,gym
U007360,2025-10-01,music
U007361,2025-10-01,none
U007362,2025-10-01,none
U007363,2025-10-01,software
U007364,2025-10-01,software
U007365,2025-10-01,none
U007366,2025-10-01,software
U007367,2025-10-01,music
U007368,2025-10-01,none
U007369,2025-10-01,mobile
U007370,2025-10-01,none
U007371,2025-10-01,gym
U007372,2025-10-01,none
U007373,2025-10-01,gym
U007374,2025-10-01,insurance
U007375,2025-10-01,music
U007376,2025-10-01,insurance
U007377,2025-10-01,none
U007378,2025-10-01,streaming
U007379,2025-10-01,none
U007380,2025-10-01,none
U007381,2025-10-01,cloud
U007382,2025-10-01,mobile
U007383,2025-10-01,insurance
U007384,2025-10-01,cloud
U007385,2025-10-01,gym
U007386,2025-10-01,none
U007387,2025-10-01,mobile
U007388,2025-10-01,music
U007389,2025-10-01,none
U007390,2025-10-01,insurance
U007391,2025-10-01,cloud
U007392,2025-10-01,none
U007393,2025-10-01,software
U007394,2025-10-01,cloud
U007395,2025-10-01,mobile
U007396,2025-10-01,none
U007397,2025-10-01,streaming
U007398,2025-10-01,streaming
U007399,2025-10-01,cloud
U007400,2025-10-01,none
U007401,2025-10-01,cloud
U007402,2025-10-01,none
U007403,2025-10-01,mobile
U007404,2025-10-01,music
U007405,2025-10-01,streaming
U007406,2025-10-01,none
U007407,2025-10-01,none
U007408,2025-10-01,streaming
U007409,2025-10-01,gym
U007410,2025-10-01,none
U007411,2025-10-01,streaming
U007412,2025-10-01,none
U007413,2025-10-01,software
U007414,2025-10-01,software
U007415,2025-10-01,insurance
U007416,2025-10-01,insurance
U007417,2025-10-01,none
U007418,2025-10-01,streaming
U007419,2025-10-01,none
U007420,2025-10-01,software
U007421,2025-10-01,mobile
U007422,2025-10-01,insurance
U007423,2025-10-01,gym
U007424,2025-10-01,none
U007425,2025-10-01,mobile
U007426,2025-10-01,mobile
U007427,2025-10-01,mobile
U007428,2025-10-01,gym
U007429,2025-10-01,none
U007430,2025-10-01,none
U007431,2025-10-01,gym
U007432,2025-10-01,cloud
U007433,2025-10-01,none
U007434,2025-10-01,gym
U007435,2025-10-01,streaming
U007436,2025-10-01,cloud
U007437,2025-10-01,software
U007438,2025-10-01,none
U007439,2025-10-01,gym
U007440,2025-10-01,music
U007441,2025-10-01,none
U007442,2025-10-01,mobile
U007443,2025-10-01,cloud
U007444,2025-10-01,streaming
U007445,2025-10-01,none
U007446,2025-10-01,none
U007447,2025-10-01,insurance
U007448,2025-10-01,cloud
U007449,2025-10-01,software
U007450,2025-10-01,streaming
U007451,2025-10-01,none
U007452,2025-10-01,none
U007453,2025-10-01,music
U007454,2025-10-01,none
U007455,2025-10-01,insurance
U007456,2025-10-01,software
U007457,2025-10-01,none
U007458,2025-10-01,music
U007459,2025-10-01,mobile
U007460,2025-10-01,insurance
U007461,2025-10-01,none
U007462,2025-10-01,mobile
U007463,2025-10-01,none
U007464,2025-10-01,software
U007465,2025-10-01,none
U007466,2025-10-01,none
U007467,2025-10-01,streaming
U007468,2025-10-01,none
U007469,2025-10-01,none
U007470,2025-10-01,software
U007471,2025-10-01,music
U007472,2025-10-01,none
U007473,2025-10-01,none
U007474,2025-10-01,none
U007475,2025-10-01,streaming
U007476,2025-10-01,gym
U007477,2025-10-01,none
U007478,2025-10-01,streaming
U007479,2025-10-01,cloud
U007480,2025-10-01,none
U007481,2025-10-01,mobile
U007482,2025-10-01,cloud
U007483,2025-10-01,none
U007484,2025-10-01,none
U007485,2025-10-01,software
U007486,2025-10-01,insurance
U007487,2025-10-01,none
U007488,2025-10-01,none
U007489,2025-10-01,mobile
U007490,2025-10-01,none
U007491,2025-10-01,insurance
U007492,2025-10-01,gym
U007493,2025-10-01,mobile
U007494,2025-10-01,none
U007495,2025-10-01,insurance
U007496,2025-10-01,mobile
U007497,2025-10-01,none
U007498,2025-10-01,none
U007499,2025-10-01,gym
U007500,2025-10-01,streaming
U007501,2025-10-01,mobile
U007502,2025-10-01,none
U007503,2025-10-01,insurance
U007504,2025-10-01,none
U007505,2025-10-01,mobile
U007506,2025-10-01,music
U007507,2025-10-01,music
U007508,2025-10-01,none
U007509,2025-10-01,gym
U007510,2025-10-01,music
U007511,2025-10-01,streaming
U007512,2025-10-01,streaming
U007513,2025-10-01,mobile
U007514,2025-10-01,insurance
U007515,2025-10-01,insurance
U007516,2025-10-01,software
U007517,2025-10-01,streaming
U007518,2025-10-01,cloud
U007519,2025-10-01,none
U007520,2025-10-01,none
U007521,2025-10-01,cloud
U007522,2025-10-01,insurance
U007523,2025-10-01,music
U007524,2025-10-01,cloud
U007525,2025-10-01,cloud
U007526,2025-10-01,mobile
U007527,2025-10-01,software
U007528,2025-10-01,cloud
U007529,2025-10-01,none
U007530,2025-10-01,none
U007531,2025-10-01,software
U007532,2025-10-01,mobile
U007533,2025-10-01,insurance
U007534,2025-10-01,none
U007535,2025-10-01,none
U007536,2025-10-01,music
U007537,2025-10-01,cloud
U007538,2025-10-01,cloud
U007539,2025-10-01,cloud
U007540,2025-10-01,software
U007541,2025-10-01,music
U007542,2025-10-01,none
U007543,2025-10-01,streaming
U007544,2025-10-01,gym
U007545,2025-10-01,software
U007546,2025-10-01,none
U007547,2025-10-01,music
U007548,2025-10-01,streaming
U007549,2025-10-01,streaming
U007550,2025-10-01,software
U007551,2025-10-01,music
U007552,2025-10-01,none
U007553,2025-10-01,software
U007554,2025-10-01,none
U007555,2025-10-01,streaming
U007556,2025-10-01,none
U007557,2025-10-01,none
U007558,2025-10-01,insurance
U007559,2025-10-01,streaming
U007560,2025-10-01,streaming
U007561,2025-10-01,music
U007562,2025-10-01,streaming
U007563,2025-10-01,cloud
U007564,2025-10-01,none
U007565,2025-10-01,none
U007566,2025-10-01,gym
U007567,2025-10-01,cloud
U007568,2025-10-01,music
U007569,2025-10-01,none
U007570,2025-10-01,none
U007571,2025-10-01,music
U007572,2025-10-01,music
U007573,2025-10-01,streaming
U007574,2025-10-01,none
U007575,2025-10-01,software
U007576,2025-10-01,mobile
U007577,2025-10-01,none
U007578,2025-10-01,none
U007579,2025-10-01,software
U007580,2025-10-01,mobile
U007581,2025-10-01,none
U007582,2025-10-01,software
U007583,2025-10-01,music
U007584,2025-10-01,streaming
U007585,2025-10-01,none
U007586,2025-10-01,music
U007587,2025-10-01,insurance
U007588,2025-10-01,none
U007589,2025-10-01,insurance
U007590,2025-10-01,none
U007591,2025-10-01,insurance
U007592,2025-10-01,gym
U007593,2025-10-01,none
U007594,2025-10-01,cloud
U007595,2025-10-01,gym
U007596,2025-10-01,none
U007597,2025-10-01,cloud
U007598,2025-10-01,gym
U007599,2025-10-01,software
U007600,2025-10-01,mobile
U007601,2025-10-01,none
U007602,2025-10-01,none
U007603,2025-10-01,streaming
U007604,2025-10-01,mobile
U007605,2025-10-01,none
U007606,2025-10-01,cloud
U007607,2025-10-01,none
U007608,2025-10-01,cloud
U007609,2025-10-01,streaming
U007610,2025-10-01,none
U007611,2025-10-01,none
U007612,2025-10-01,cloud
U007613,2025-10-01,software
U007614,2025-10-01,cloud
U007615,2025-10-01,cloud
U007616,2025-10-01,none
U007617,2025-10-01,none
U007618,2025-10-01,mobile
U007619,2025-10-01,mobile
U007620,2025-10-01,insurance
U007621,2025-10-01,none
U007622,2025-10-01,none
U007623,2025-10-01,none
U007624,2025-10-01,gym
U007625,2025-10-01,none
U007626,2025-10-01,mobile
U007627,2025-10-01,none
U007628,2025-10-01,insurance
U007629,2025-10-01,none
U007630,2025-10-01,cloud
U007631,2025-10-01,gym
U007632,2025-10-01,none
U007633,2025-10-01,music
U007634,2025-10-01,music
U007635,2025-10-01,none
U007636,2025-10-01,streaming
U007637,2025-10-01,gym
U007638,2025-10-01,none
U007639,2025-10-01,none
U007640,2025-10-01,none
U007641,2025-10-01,software
U007642,2025-10-01,none
U007643,2025-10-01,mobile
U007644,2025-10-01,none
U007645,2025-10-01,none
U007646,2025-10-01,none
U007647,2025-10-01,software
U007648,2025-10-01,none
U007649,2025-10-01,software
U007650,2025-10-01,gym
U007651,2025-10-01,none
U007652,2025-10-01,gym
U007653,2025-10-01,cloud
U007654,2025-10-01,software
U007655,2025-10-01,music
U007656,2025-10-01,none
U007657,2025-10-01,mobile
U007658,2025-10-01,none
U007659,2025-10-01,none
U007660,2025-10-01,streaming
U007661,2025-10-01,none
U007662,2025-10-01,gym
U007663,2025-10-01,music
U007664,2025-10-01,insurance
U007665,2025-10-01,streaming
U007666,2025-10-01,none
U007667,2025-10-01,cloud
U007668,2025-10-01,streaming
U007669,2025-10-01,mobile
U007670,2025-10-01,cloud
U007671,2025-10-01,none
U007672,2025-10-01,none
U007673,2025-10-01,none
U007674,2025-10-01,none
U007675,2025-10-01,mobile
U007676,2025-10-01,gym
U007677,2025-10-01,cloud
U007678,2025-10-01,cloud
U007679,2025-10-01,streaming
U007680,2025-10-01,cloud
U007681,2025-10-01,none
U007682,2025-10-01,mobile
U007683,2025-10-01,streaming
U007684,2025-10-01,gym
U007685,2025-10-01,music
U007686,2025-10-01,none
U007687,2025-10-01,gym
U007688,2025-10-01,mobile
U007689,2025-10-01,none
U007690,2025-10-01,none
U007691,2025-10-01,none
U007692,2025-10-01,none
U007693,2025-10-01,software
U007694,2025-10-01,software
U007695,2025-10-01,cloud
U007696,2025-10-01,insurance
U007697,2025-10-01,gym
U007698,2025-10-01,music
U007699,2025-10-01,none
U007700,2025-10-01,none
U007701,2025-10-01,cloud
U007702,2025-10-01,none
U007703,2025-10-01,software
U007704,2025-10-01,cloud
U007705,2025-10-01,none
U007706,2025-10-01,music
U007707,2025-10-01,cloud
U007708,2025-10-01,none
U007709,2025-10-01,music
U007710,2025-10-01,music
U007711,2025-10-01,insurance
U007712,2025-10-01,none
U007713,2025-10-01,none
U007714,2025-10-01,music
U007715,2025-10-01,mobile
U007716,2025-10-01,none
U007717,2025-10-01,none
U007718,2025-10-01,none
U007719,2025-10-01,music
U007720,2025-10-01,none
U007721,2025-10-01,none
U007722,2025-10-01,none
U007723,2025-10-01,none
U007724,2025-10-01,gym
U007725,2025-10-01,music
U007726,2025-10-01,none
U007727,2025-10-01,insurance
U007728,2025-10-01,none
U007729,2025-10-01,none
U007730,2025-10-01,none
U007731,2025-10-01,streaming
U007732,2025-10-01,none
U007733,2025-10-01,music
U007734,2025-10-01,mobile
U007735,2025-10-01,none
U007736,2025-10-01,streaming
U007737,2025-10-01,streaming
U007738,2025-10-01,none
U007739,2025-10-01,none
U007740,2025-10-01,insurance
U007741,2025-10-01,mobile
U007742,2025-10-01,gym
U007743,2025-10-01,cloud
U007744,2025-10-01,none
U007745,2025-10-01,gym
U007746,2025-10-01,insurance
U007747,2025-10-01,insurance
U007748,2025-10-01,streaming
U007749,2025-10-01,music
U007750,2025-10-01,software
U007751,2025-10-01,music
U007752,2025-10-01,mobile
U007753,2025-10-01,streaming
U007754,2025-10-01,mobile
U007755,2025-10-01,none
U007756,2025-10-01,insurance
U007757,2025-10-01,gym
U007758,2025-10-01,streaming
U007759,2025-10-01,none
U007760,2025-10-01,none
U007761,2025-10-01,cloud
U007762,2025-10-01,none
U007763,2025-10-01,music
U007764,2025-10-01,cloud
U007765,2025-10-01,cloud
U007766,2025-10-01,music
U007767,2025-10-01,gym
U007768,2025-10-01,music
U007769,2025-10-01,mobile
U007770,2025-10-01,none
U007771,2025-10-01,software
U007772,2025-10-01,streaming
U007773,2025-10-01,software
U007774,2025-10-01,none
U007775,2025-10-01,none
U007776,2025-10-01,software
U007777,2025-10-01,none
U007778,2025-10-01,software
U007779,2025-10-01,cloud
U007780,2025-10-01,music
U007781,2025-10-01,software
U007782,2025-10-01,cloud
U007783,2025-10-01,software
U007784,2025-10-01,music
U007785,2025-10-01,streaming
U007786,2025-10-01,none
U007787,2025-10-01,insurance
U007788,2025-10-01,music
U007789,2025-10-01,mobile
U007790,2025-10-01,gym
U007791,2025-10-01,mobile
U007792,2025-10-01,none
U007793,2025-10-01,cloud
U007794,2025-10-01,software
U007795,2025-10-01,cloud
U007796,2025-10-01,none
U007797,2025-10-01,mobile
U007798,2025-10-01,insurance
U007799,2025-10-01,cloud
U007800,2025-10-01,none
U007801,2025-10-01,none
U007802,2025-10-01,music
U007803,2025-10-01,gym
U007804,2025-10-01,mobile
U007805,2025-10-01,music
U007806,2025-10-01,streaming
U007807,2025-10-01,none
U007808,2025-10-01,music
U007809,2025-10-01,mobile
U007810,2025-10-01,software
U007811,2025-10-01,music
U007812,2025-10-01,none
U007813,2025-10-01,none
U007814,2025-10-01,mobile
U007815,2025-10-01,mobile
U007816,2025-10-01,none
U007817,2025-10-01,mobile
U007818,2025-10-01,insurance
U007819,2025-10-01,none
U007820,2025-10-01,streaming
U007821,2025-10-01,none
U007822,2025-10-01,none
U007823,2025-10-01,mobile
U007824,2025-10-01,none
U007825,2025-10-01,insurance
U007826,2025-10-01,none
U007827,2025-10-01,none
U007828,2025-10-01,cloud
U007829,2025-10-01,insurance
U007830,2025-10-01,software
U007831,2025-10-01,software
U007832,2025-10-01,cloud
U007833,2025-10-01,cloud
U007834,2025-10-01,software
U007835,2025-10-01,streaming
U007836,2025-10-01,cloud
U007837,2025-10-01,cloud
U007838,2025-10-01,mobile
U007839,2025-10-01,none
U007840,2025-10-01,cloud
U007841,2025-10-01,gym
U007842,2025-10-01,gym
U007843,2025-10-01,gym
U007844,2025-10-01,none
U007845,2025-10-01,none
U007846,2025-10-01,music
U007847,2025-10-01,none
U007848,2025-10-01,software
U007849,2025-10-01,mobile
U007850,2025-10-01,none
U007851,2025-10-01,streaming
U007852,2025-10-01,streaming
U007853,2025-10-01,streaming
U007854,2025-10-01,insurance
U007855,2025-10-01,insurance
U007856,2025-10-01,none
U007857,2025-10-01,none
U007858,2025-10-01,gym
U007859,2025-10-01,music
U007860,2025-10-01,insurance
U007861,2025-10-01,none
U007862,2025-10-01,none
U007863,2025-10-01,none
U007864,2025-10-01,none
U007865,2025-10-01,software
U007866,2025-10-01,none
U007867,2025-10-01,software
U007868,2025-10-01,software
U007869,2025-10-01,none
U007870,2025-10-01,cloud
U007871,2025-10-01,music
U007872,2025-10-01,none
U007873,2025-10-01,gym
U007874,2025-10-01,none
U007875,2025-10-01,gym
U007876,2025-10-01,music
U007877,2025-10-01,insurance
U007878,2025-10-01,none
U007879,2025-10-01,gym
U007880,2025-10-01,cloud
U007881,2025-10-01,none
U007882,2025-10-01,none
U007883,2025-10-01,none
U007884,2025-10-01,insurance
U007885,2025-10-01,none
U007886,2025-10-01,gym
U007887,2025-10-01,none
U007888,2025-10-01,software
U007889,2025-10-01,cloud
U007890,2025-10-01,cloud
U007891,2025-10-01,insurance
U007892,2025-10-01,none
U007893,2025-10-01,mobile
U007894,2025-10-01,software
U007895,2025-10-01,mobile
U007896,2025-10-01,none
U007897,2025-10-01,none
U007898,2025-10-01,music
U007899,2025-10-01,music
U007900,2025-10-01,streaming
U007901,2025-10-01,mobile
U007902,2025-10-01,software
U007903,2025-10-01,insurance
U007904,2025-10-01,mobile
U007905,2025-10-01,mobile
U007906,2025-10-01,streaming
U007907,2025-10-01,none
U007908,2025-10-01,insurance
U007909,2025-10-01,music
U007910,2025-10-01,music
U007911,2025-10-01,cloud
U007912,2025-10-01,none
U007913,2025-10-01,software
U007914,2025-10-01,music
U007915,2025-10-01,gym
U007916,2025-10-01,streaming
U007917,2025-10-01,gym
U007918,2025-10-01,cloud
U007919,2025-10-01,none
U007920,2025-10-01,cloud
U007921,2025-10-01,none
U007922,2025-10-01,none
U007923,2025-10-01,none
U007924,2025-10-01,music
U007925,2025-10-01,none
U007926,2025-10-01,none
U007927,2025-10-01,insurance
U007928,2025-10-01,gym
U007929,2025-10-01,streaming
U007930,2025-10-01,music
U007931,2025-10-01,gym
U007932,2025-10-01,none
U007933,2025-10-01,music
U007934,2025-10-01,software
U007935,2025-10-01,software
U007936,2025-10-01,none
U007937,2025-10-01,cloud
U007938,2025-10-01,music
U007939,2025-10-01,cloud
U007940,2025-10-01,software
U007941,2025-10-01,insurance
U007942,2025-10-01,insurance
U007943,2025-10-01,software
U007944,2025-10-01,streaming
U007945,2025-10-01,cloud
U007946,2025-10-01,mobile
U007947,2025-10-01,insurance
U007948,2025-10-01,cloud
U007949,2025-10-01,none
U007950,2025-10-01,none
U007951,2025-10-01,none
U007952,2025-10-01,music
U007953,2025-10-01,streaming
U007954,2025-10-01,none
U007955,2025-10-01,none
U007956,2025-10-01,none
U007957,2025-10-01,music
U007958,2025-10-01,cloud
U007959,2025-10-01,insurance
U007960,2025-10-01,mobile
U007961,2025-10-01,none
U007962,2025-10-01,music
U007963,2025-10-01,none
U007964,2025-10-01,software
U007965,2025-10-01,mobile
U007966,2025-10-01,mobile
U007967,2025-10-01,streaming
U007968,2025-10-01,music
U007969,2025-10-01,none
U007970,2025-10-01,streaming
U007971,2025-10-01,gym
U007972,2025-10-01,cloud
U007973,2025-10-01,software
U007974,2025-10-01,none
U007975,2025-10-01,none
U007976,2025-10-01,cloud
U007977,2025-10-01,none
U007978,2025-10-01,mobile
U007979,2025-10-01,none
U007980,2025-10-01,none
U007981,2025-10-01,insurance
U007982,2025-10-01,insurance
U007983,2025-10-01,mobile
U007984,2025-10-01,gym
U007985,2025-10-01,insurance
U007986,2025-10-01,software
U007987,2025-10-01,none
U007988,2025-10-01,software
U007989,2025-10-01,none
U007990,2025-10-01,software
U007991,2025-10-01,gym
U007992,2025-10-01,insurance
U007993,2025-10-01,gym
U007994,2025-10-01,software
U007995,2025-10-01,gym
U007996,2025-10-01,none
U007997,2025-10-01,none
U007998,2025-10-01,cloud
U007999,2025-10-01,insurance
U008000,2025-10-01,software
U008001,2025-10-01,gym
U008002,2025-10-01,software
U008003,2025-10-01,gym
U008004,2025-10-01,insurance
U008005,2025-10-01,none
U008006,2025-10-01,none
U008007,2025-10-01,none
U008008,2025-10-01,none
U008009,2025-10-01,mobile
U008010,2025-10-01,none
U008011,2025-10-01,none
U008012,2025-10-01,mobile
U008013,2025-10-01,cloud
U008014,2025-10-01,none
U008015,2025-10-01,music
U008016,2025-10-01,software
U008017,2025-10-01,music
U008018,2025-10-01,insurance
U008019,2025-10-01,none
U008020,2025-10-01,cloud
U008021,2025-10-01,none
U008022,2025-10-01,none
U008023,2025-10-01,streaming
U008024,2025-10-01,streaming
U008025,2025-10-01,none
U008026,2025-10-01,software
U008027,2025-10-01,insurance
U008028,2025-10-01,music
U008029,2025-10-01,streaming
U008030,2025-10-01,none
U008031,2025-10-01,none
U008032,2025-10-01,insurance
U008033,2025-10-01,none
U008034,2025-10-01,none
U008035,2025-10-01,none
U008036,2025-10-01,gym
U008037,2025-10-01,cloud
U008038,2025-10-01,none
U008039,2025-10-01,mobile
U008040,2025-10-01,none
U008041,2025-10-01,music
U008042,2025-10-01,streaming
U008043,2025-10-01,cloud
U008044,2025-10-01,software
U008045,2025-10-01,software
U008046,2025-10-01,music
U008047,2025-10-01,gym
U008048,2025-10-01,none
U008049,2025-10-01,insurance
U008050,2025-10-01,cloud
U008051,2025-10-01,mobile
U008052,2025-10-01,music
U008053,2025-10-01,music
U008054,2025-10-01,none
U008055,2025-10-01,none
U008056,2025-10-01,streaming
U008057,2025-10-01,mobile
U008058,2025-10-01,insurance
U008059,2025-10-01,software
U008060,2025-10-01,none
U008061,2025-10-01,insurance
U008062,2025-10-01,software
U008063,2025-10-01,gym
U008064,2025-10-01,none
U008065,2025-10-01,gym
U008066,2025-10-01,cloud
U008067,2025-10-01,none
U008068,2025-10-01,cloud
U008069,2025-10-01,mobile
U008070,2025-10-01,software
U008071,2025-10-01,streaming
U008072,2025-10-01,none
U008073,2025-10-01,cloud
U008074,2025-10-01,mobile
U008075,2025-10-01,software
U008076,2025-10-01,none
U008077,2025-10-01,none
U008078,2025-10-01,insurance
U008079,2025-10-01,gym
U008080,2025-10-01,insurance
U008081,2025-10-01,cloud
U008082,2025-10-01,streaming
U008083,2025-10-01,music
U008084,2025-10-01,gym
U008085,2025-10-01,streaming
U008086,2025-10-01,none
U008087,2025-10-01,cloud
U008088,2025-10-01,mobile
U008089,2025-10-01,gym
U008090,2025-10-01,none
U008091,2025-10-01,insurance
U008092,2025-10-01,none
U008093,2025-10-01,gym
U008094,2025-10-01,gym
U008095,2025-10-01,mobile
U008096,2025-10-01,software
U008097,2025-10-01,none
U008098,2025-10-01,none
U008099,2025-10-01,none
U008100,2025-10-01,none
U008101,2025-10-01,gym
U008102,2025-10-01,insurance
U008103,2025-10-01,software
U008104,2025-10-01,streaming
U008105,2025-10-01,cloud
U008106,2025-10-01,gym
U008107,2025-10-01,gym
U008108,2025-10-01,cloud
U008109,2025-10-01,mobile
U008110,2025-10-01,none
U008111,2025-10-01,gym
U008112,2025-10-01,none
U008113,2025-10-01,music
U008114,2025-10-01,mobile
U008115,2025-10-01,cloud
U008116,2025-10-01,mobile
U008117,2025-10-01,insurance
U008118,2025-10-01,music
U008119,2025-10-01,insurance
U008120,2025-10-01,cloud
U008121,2025-10-01,none
U008122,2025-10-01,none
U008123,2025-10-01,none
U008124,2025-10-01,none
U008125,2025-10-01,none
U008126,2025-10-01,cloud
U008127,2025-10-01,software
U008128,2025-10-01,none
U008129,2025-10-01,none
U008130,2025-10-01,insurance
U008131,2025-10-01,music
U008132,2025-10-01,mobile
U008133,2025-10-01,insurance
U008134,2025-10-01,cloud
U008135,2025-10-01,mobile
U008136,2025-10-01,none
U008137,2025-10-01,mobile
U008138,2025-10-01,cloud
U008139,2025-10-01,mobile
U008140,2025-10-01,mobile
U008141,2025-10-01,none
U008142,2025-10-01,software
U008143,2025-10-01,none
U008144,2025-10-01,none
U008145,2025-10-01,streaming
U008146,2025-10-01,music
U008147,2025-10-01,mobile
U008148,2025-10-01,none
U008149,2025-10-01,cloud
U008150,2025-10-01,none
U008151,2025-10-01,insurance
U008152,2025-10-01,streaming
U008153,2025-10-01,mobile
U008154,2025-10-01,music
U008155,2025-10-01,software
U008156,2025-10-01,music
U008157,2025-10-01,mobile
U008158,2025-10-01,mobile
U008159,2025-10-01,none
U008160,2025-10-01,none
U008161,2025-10-01,none
U008162,2025-10-01,none
U008163,2025-10-01,none
U008164,2025-10-01,gym
U008165,2025-10-01,none
U008166,2025-10-01,software
U008167,2025-10-01,none
U008168,2025-10-01,none
U008169,2025-10-01,none
U008170,2025-10-01,none
U008171,2025-10-01,music
U008172,2025-10-01,insurance
U008173,2025-10-01,cloud
U008174,2025-10-01,gym
U008175,2025-10-01,none
U008176,2025-10-01,music
U008177,2025-10-01,none
U008178,2025-10-01,mobile
U008179,2025-10-01,streaming
U008180,2025-10-01,none
U008181,2025-10-01,insurance
U008182,2025-10-01,music
U008183,2025-10-01,cloud
U008184,2025-10-01,music
U008185,2025-10-01,cloud
U008186,2025-10-01,none
U008187,2025-10-01,none
U008188,2025-10-01,streaming
U008189,2025-10-01,none
U008190,2025-10-01,music
U008191,2025-10-01,gym
U008192,2025-10-01,music
U008193,2025-10-01,cloud
U008194,2025-10-01,software
U008195,2025-10-01,music
U008196,2025-10-01,none
U008197,2025-10-01,none
U008198,2025-10-01,none
U008199,2025-10-01,cloud
U008200,2025-10-01,none
U008201,2025-10-01,mobile
U008202,2025-10-01,software
U008203,2025-10-01,insurance
U008204,2025-10-01,mobile
U008205,2025-10-01,streaming
U008206,2025-10-01,music
U008207,2025-10-01,none
U008208,2025-10-01,software
U008209,2025-10-01,none
U008210,2025-10-01,software
U008211,2025-10-01,gym
U008212,2025-10-01,mobile
U008213,2025-10-01,insurance
U008214,2025-10-01,mobile
U008215,2025-10-01,cloud
U008216,2025-10-01,software
U008217,2025-10-01,gym
U008218,2025-10-01,gym
U008219,2025-10-01,software
U008220,2025-10-01,none
U008221,2025-10-01,insurance
U008222,2025-10-01,none
U008223,2025-10-01,gym
U008224,2025-10-01,insurance
U008225,2025-10-01,gym
U008226,2025-10-01,mobile
U008227,2025-10-01,none
U008228,2025-10-01,insurance
U008229,2025-10-01,none
U008230,2025-10-01,cloud
U008231,2025-10-01,none
U008232,2025-10-01,mobile
U008233,2025-10-01,none
U008234,2025-10-01,cloud
U008235,2025-10-01,insurance
U008236,2025-10-01,insurance
U008237,2025-10-01,gym
U008238,2025-10-01,music
U008239,2025-10-01,mobile
U008240,2025-10-01,gym
U008241,2025-10-01,music
U008242,2025-10-01,insurance
U008243,2025-10-01,music
U008244,2025-10-01,none
U008245,2025-10-01,music
U008246,2025-10-01,none
U008247,2025-10-01,software
U008248,2025-10-01,none
U008249,2025-10-01,gym
U008250,2025-10-01,streaming
U008251,2025-10-01,software
U008252,2025-10-01,gym
U008253,2025-10-01,streaming
U008254,2025-10-01,streaming
U008255,2025-10-01,gym
U008256,2025-10-01,software
U008257,2025-10-01,mobile
U008258,2025-10-01,mobile
U008259,2025-10-01,none
U008260,2025-10-01,insurance
U008261,2025-10-01,cloud
U008262,2025-10-01,insurance
U008263,2025-10-01,insurance
U008264,2025-10-01,none
U008265,2025-10-01,none
U008266,2025-10-01,cloud
U008267,2025-10-01,none
U008268,2025-10-01,none
U008269,2025-10-01,none
U008270,2025-10-01,mobile
U008271,2025-10-01,insurance
U008272,2025-10-01,mobile
U008273,2025-10-01,insurance
U008274,2025-10-01,mobile
U008275,2025-10-01,none
U008276,2025-10-01,streaming
U008277,2025-10-01,music
U008278,2025-10-01,none
U008279,2025-10-01,cloud
U008280,2025-10-01,none
U008281,2025-10-01,mobile
U008282,2025-10-01,software
U008283,2025-10-01,streaming
U008284,2025-10-01,none
U008285,2025-10-01,streaming
U008286,2025-10-01,cloud
U008287,2025-10-01,gym
U008288,2025-10-01,gym
U008289,2025-10-01,insurance
U008290,2025-10-01,none
U008291,2025-10-01,none
U008292,2025-10-01,none
U008293,2025-10-01,none
U008294,2025-10-01,none
U008295,2025-10-01,cloud
U008296,2025-10-01,streaming
U008297,2025-10-01,none
U008298,2025-10-01,gym
U008299,2025-10-01,music
U008300,2025-10-01,cloud
U008301,2025-10-01,mobile
U008302,2025-10-01,gym
U008303,2025-10-01,none
U008304,2025-10-01,mobile
U008305,2025-10-01,cloud
U008306,2025-10-01,streaming
U008307,2025-10-01,cloud
U008308,2025-10-01,none
U008309,2025-10-01,mobile
U008310,2025-10-01,mobile
U008311,2025-10-01,none
U008312,2025-10-01,gym
U008313,2025-10-01,none
U008314,2025-10-01,none
U008315,2025-10-01,insurance
U008316,2025-10-01,cloud
U008317,2025-10-01,none
U008318,2025-10-01,music
U008319,2025-10-01,none
U008320,2025-10-01,none
U008321,2025-10-01,cloud
U008322,2025-10-01,cloud
U008323,2025-10-01,streaming
U008324,2025-10-01,none
U008325,2025-10-01,none
U008326,2025-10-01,mobile
U008327,2025-10-01,none
U008328,2025-10-01,cloud
U008329,2025-10-01,mobile
U008330,2025-10-01,cloud
U008331,2025-10-01,software
U008332,2025-10-01,insurance
U008333,2025-10-01,gym
U008334,2025-10-01,gym
U008335,2025-10-01,software
U008336,2025-10-01,insurance
U008337,2025-10-01,software
U008338,2025-10-01,mobile
U008339,2025-10-01,none
U008340,2025-10-01,none
U008341,2025-10-01,insurance
U008342,2025-10-01,software
U008343,2025-10-01,none
U008344,2025-10-01,music
U008345,2025-10-01,software
U008346,2025-10-01,software
U008347,2025-10-01,none
U008348,2025-10-01,software
U008349,2025-10-01,none
U008350,2025-10-01,none
U008351,2025-10-01,software
U008352,2025-10-01,insurance
U008353,2025-10-01,none
U008354,2025-10-01,gym
U008355,2025-10-01,none
U008356,2025-10-01,music
U008357,2025-10-01,mobile
U008358,2025-10-01,mobile
U008359,2025-10-01,none
U008360,2025-10-01,none
U008361,2025-10-01,none
U008362,2025-10-01,streaming
U008363,2025-10-01,none
U008364,2025-10-01,none
U008365,2025-10-01,mobile
U008366,2025-10-01,none
U008367,2025-10-01,cloud
U008368,2025-10-01,none
U008369,2025-10-01,insurance
U008370,2025-10-01,none
U008371,2025-10-01,none
U008372,2025-10-01,software
U008373,2025-10-01,none
U008374,2025-10-01,streaming
U008375,2025-10-01,none
U008376,2025-10-01,none
U008377,2025-10-01,none
U008378,2025-10-01,music
U008379,2025-10-01,none
U008380,2025-10-01,mobile
U008381,2025-10-01,mobile
U008382,2025-10-01,music
U008383,2025-10-01,insurance
U008384,2025-10-01,gym
U008385,2025-10-01,software
U008386,2025-10-01,gym
U008387,2025-10-01,none
U008388,2025-10-01,cloud
U008389,2025-10-01,software
U008390,2025-10-01,mobile
U008391,2025-10-01,cloud
U008392,2025-10-01,none
U008393,2025-10-01,cloud
U008394,2025-10-01,insurance
U008395,2025-10-01,music
U008396,2025-10-01,mobile
U008397,2025-10-01,mobile
U008398,2025-10-01,none
U008399,2025-10-01,gym
U008400,2025-10-01,mobile
U008401,2025-10-01,none
U008402,2025-10-01,insurance
U008403,2025-10-01,streaming
U008404,2025-10-01,gym
U008405,2025-10-01,none
U008406,2025-10-01,streaming
U008407,2025-10-01,none
U008408,2025-10-01,gym
U008409,2025-10-01,none
U008410,2025-10-01,insurance
U008411,2025-10-01,music
U008412,2025-10-01,gym
U008413,2025-10-01,cloud
U008414,2025-10-01,gym
U008415,2025-10-01,none
U008416,2025-10-01,insurance
U008417,2025-10-01,insurance
U008418,2025-10-01,streaming
U008419,2025-10-01,software
U008420,2025-10-01,cloud
U008421,2025-10-01,streaming
U008422,2025-10-01,streaming
U008423,2025-10-01,none
U008424,2025-10-01,insurance
U008425,2025-10-01,gym
U008426,2025-10-01,insurance
U008427,2025-10-01,streaming
U008428,2025-10-01,insurance
U008429,2025-10-01,cloud
U008430,2025-10-01,none
U008431,2025-10-01,none
U008432,2025-10-01,mobile
U008433,2025-10-01,mobile
U008434,2025-10-01,none
U008435,2025-10-01,streaming
U008436,2025-10-01,gym
U008437,2025-10-01,insurance
U008438,2025-10-01,gym
U008439,2025-10-01,none
U008440,2025-10-01,software
U008441,2025-10-01,none
U008442,2025-10-01,software
U008443,2025-10-01,music
U008444,2025-10-01,streaming
U008445,2025-10-01,none
U008446,2025-10-01,none
U008447,2025-10-01,streaming
U008448,2025-10-01,music
U008449,2025-10-01,streaming
U008450,2025-10-01,mobile
U008451,2025-10-01,mobile
U008452,2025-10-01,software
U008453,2025-10-01,streaming
U008454,2025-10-01,music
U008455,2025-10-01,cloud
U008456,2025-10-01,none
U008457,2025-10-01,insurance
U008458,2025-10-01,gym
U008459,2025-10-01,software
U008460,2025-10-01,cloud
U008461,2025-10-01,gym
U008462,2025-10-01,streaming
U008463,2025-10-01,insurance
U008464,2025-10-01,gym
U008465,2025-10-01,none
U008466,2025-10-01,music
U008467,2025-10-01,none
U008468,2025-10-01,mobile
U008469,2025-10-01,none
U008470,2025-10-01,none
U008471,2025-10-01,software
U008472,2025-10-01,mobile
U008473,2025-10-01,gym
U008474,2025-10-01,mobile
U008475,2025-10-01,insurance
U008476,2025-10-01,software
U008477,2025-10-01,music
U008478,2025-10-01,gym
U008479,2025-10-01,cloud
U008480,2025-10-01,software
U008481,2025-10-01,insurance
U008482,2025-10-01,insurance
U008483,2025-10-01,software
U008484,2025-10-01,mobile
U008485,2025-10-01,music
U008486,2025-10-01,software
U008487,2025-10-01,mobile
U008488,2025-10-01,streaming
U008489,2025-10-01,streaming
U008490,2025-10-01,none
U008491,2025-10-01,none
U008492,2025-10-01,none
U008493,2025-10-01,none
U008494,2025-10-01,none
U008495,2025-10-01,music
U008496,2025-10-01,mobile
U008497,2025-10-01,mobile
U008498,2025-10-01,none
U008499,2025-10-01,none
U008500,2025-10-01,gym
U008501,2025-10-01,none
U008502,2025-10-01,none
U008503,2025-10-01,none
U008504,2025-10-01,none
U008505,2025-10-01,insurance
U008506,2025-10-01,streaming
U008507,2025-10-01,none
U008508,2025-10-01,none
U008509,2025-10-01,software
U008510,2025-10-01,software
U008511,2025-10-01,gym
U008512,2025-10-01,insurance
U008513,2025-10-01,streaming
U008514,2025-10-01,none
U008515,2025-10-01,insurance
U008516,2025-10-01,software
U008517,2025-10-01,cloud
U008518,2025-10-01,cloud
U008519,2025-10-01,gym
U008520,2025-10-01,software
U008521,2025-10-01,streaming
U008522,2025-10-01,none
U008523,2025-10-01,none
U008524,2025-10-01,none
U008525,2025-10-01,music
U008526,2025-10-01,none
U008527,2025-10-01,none
U008528,2025-10-01,none
U008529,2025-10-01,insurance
U008530,2025-10-01,none
U008531,2025-10-01,none
U008532,2025-10-01,insurance
U008533,2025-10-01,software
U008534,2025-10-01,none
U008535,2025-10-01,none
U008536,2025-10-01,insurance
U008537,2025-10-01,music
U008538,2025-10-01,streaming
U008539,2025-10-01,mobile
U008540,2025-10-01,none
U008541,2025-10-01,insurance
U008542,2025-10-01,none
U008543,2025-10-01,none
U008544,2025-10-01,mobile
U008545,2025-10-01,none
U008546,2025-10-01,none
U008547,2025-10-01,software
U008548,2025-10-01,software
U008549,2025-10-01,music
U008550,2025-10-01,software
U008551,2025-10-01,mobile
U008552,2025-10-01,none
U008553,2025-10-01,software
U008554,2025-10-01,none
U008555,2025-10-01,gym
U008556,2025-10-01,gym
U008557,2025-10-01,mobile
U008558,2025-10-01,none
U008559,2025-10-01,insurance
U008560,2025-10-01,music
U008561,2025-10-01,none
U008562,2025-10-01,insurance
U008563,2025-10-01,none
U008564,2025-10-01,software
U008565,2025-10-01,none
U008566,2025-10-01,none
U008567,2025-10-01,mobile
U008568,2025-10-01,software
U008569,2025-10-01,none
U008570,2025-10-01,music
U008571,2025-10-01,none
U008572,2025-10-01,none
U008573,2025-10-01,none
U008574,2025-10-01,insurance
U008575,2025-10-01,mobile
U008576,2025-10-01,none
U008577,2025-10-01,mobile
U008578,2025-10-01,cloud
U008579,2025-10-01,cloud
U008580,2025-10-01,music
U008581,2025-10-01,cloud
U008582,2025-10-01,software
U008583,2025-10-01,none
U008584,2025-10-01,none
U008585,2025-10-01,cloud
U008586,2025-10-01,software
U008587,2025-10-01,none
U008588,2025-10-01,music
U008589,2025-10-01,streaming
U008590,2025-10-01,cloud
U008591,2025-10-01,none
U008592,2025-10-01,cloud
U008593,2025-10-01,insurance
U008594,2025-10-01,none
U008595,2025-10-01,music
U008596,2025-10-01,cloud
U008597,2025-10-01,none
U008598,2025-10-01,none
U008599,2025-10-01,music
U008600,2025-10-01,cloud
U008601,2025-10-01,none
U008602,2025-10-01,none
U008603,2025-10-01,insurance
U008604,2025-10-01,gym
U008605,2025-10-01,none
U008606,2025-10-01,gym
U008607,2025-10-01,software
U008608,2025-10-01,music
U008609,2025-10-01,none
U008610,2025-10-01,none
U008611,2025-10-01,cloud
U008612,2025-10-01,mobile
U008613,2025-10-01,mobile
U008614,2025-10-01,insurance
U008615,2025-10-01,insurance
U008616,2025-10-01,none
U008617,2025-10-01,software
U008618,2025-10-01,mobile
U008619,2025-10-01,gym
U008620,2025-10-01,cloud
U008621,2025-10-01,cloud
U008622,2025-10-01,none
U008623,2025-10-01,music
U008624,2025-10-01,insurance
U008625,2025-10-01,mobile
U008626,2025-10-01,none
U008627,2025-10-01,none
U008628,2025-10-01,mobile
U008629,2025-10-01,insurance
U008630,2025-10-01,cloud
U008631,2025-10-01,none
U008632,2025-10-01,mobile
U008633,2025-10-01,gym
U008634,2025-10-01,gym
U008635,2025-10-01,streaming
U008636,2025-10-01,none
U008637,2025-10-01,gym
U008638,2025-10-01,cloud
U008639,2025-10-01,streaming
U008640,2025-10-01,none
U008641,2025-10-01,none
U008642,2025-10-01,streaming
U008643,2025-10-01,cloud
U008644,2025-10-01,none
U008645,2025-10-01,none
U008646,2025-10-01,mobile
U008647,2025-10-01,none
U008648,2025-10-01,music
U008649,2025-10-01,none
U008650,2025-10-01,none
U008651,2025-10-01,gym
U008652,2025-10-01,software
U008653,2025-10-01,none
U008654,2025-10-01,none
U008655,2025-10-01,gym
U008656,2025-10-01,software
U008657,2025-10-01,mobile
U008658,2025-10-01,none
U008659,2025-10-01,music
U008660,2025-10-01,mobile
U008661,2025-10-01,mobile
U008662,2025-10-01,none
U008663,2025-10-01,music
U008664,2025-10-01,none
U008665,2025-10-01,mobile
U008666,2025-10-01,none
U008667,2025-10-01,music
U008668,2025-10-01,insurance
U008669,2025-10-01,cloud
U008670,2025-10-01,none
U008671,2025-10-01,none
U008672,2025-10-01,gym
U008673,2025-10-01,none
U008674,2025-10-01,none
U008675,2025-10-01,gym
U008676,2025-10-01,none
U008677,2025-10-01,gym
U008678,2025-10-01,none
U008679,2025-10-01,none
U008680,2025-10-01,none
U008681,2025-10-01,none
U008682,2025-10-01,mobile
U008683,2025-10-01,none
U008684,2025-10-01,insurance
U008685,2025-10-01,software
U008686,2025-10-01,cloud
U008687,2025-10-01,none
U008688,2025-10-01,none
U008689,2025-10-01,none
U008690,2025-10-01,gym
U008691,2025-10-01,insurance
U008692,2025-10-01,software
U008693,2025-10-01,music
U008694,2025-10-01,insurance
U008695,2025-10-01,none
U008696,2025-10-01,none
U008697,2025-10-01,mobile
U008698,2025-10-01,insurance
U008699,2025-10-01,cloud
U008700,2025-10-01,mobile
U008701,2025-10-01,none
U008702,2025-10-01,none
U008703,2025-10-01,streaming
U008704,2025-10-01,none
U008705,2025-10-01,insurance
U008706,2025-10-01,mobile
U008707,2025-10-01,streaming
U008708,2025-10-01,cloud
U008709,2025-10-01,none
U008710,2025-10-01,streaming
U008711,2025-10-01,cloud
U008712,2025-10-01,streaming
U008713,2025-10-01,music
U008714,2025-10-01,cloud
U008715,2025-10-01,insurance
U008716,2025-10-01,cloud
U008717,2025-10-01,cloud
U008718,2025-10-01,cloud
U008719,2025-10-01,cloud
U008720,2025-10-01,streaming
U008721,2025-10-01,software
U008722,2025-10-01,streaming
U008723,2025-10-01,streaming
U008724,2025-10-01,mobile
U008725,2025-10-01,insurance
U008726,2025-10-01,none
U008727,2025-10-01,none
U008728,2025-10-01,music
U008729,2025-10-01,software
U008730,2025-10-01,none
U008731,2025-10-01,none
U008732,2025-10-01,cloud
U008733,2025-10-01,music
U008734,2025-10-01,none
U008735,2025-10-01,none
U008736,2025-10-01,music
U008737,2025-10-01,cloud
U008738,2025-10-01,gym
U008739,2025-10-01,none
U008740,2025-10-01,cloud
U008741,2025-10-01,none
U008742,2025-10-01,none
U008743,2025-10-01,gym
U008744,2025-10-01,cloud
U008745,2025-10-01,none
U008746,2025-10-01,music
U008747,2025-10-01,cloud
U008748,2025-10-01,gym
U008749,2025-10-01,none
U008750,2025-10-01,insurance
U008751,2025-10-01,mobile
U008752,2025-10-01,mobile
U008753,2025-10-01,software
U008754,2025-10-01,none
U008755,2025-10-01,cloud
U008756,2025-10-01,insurance
U008757,2025-10-01,mobile
U008758,2025-10-01,cloud
U008759,2025-10-01,gym
U008760,2025-10-01,gym
U008761,2025-10-01,none
U008762,2025-10-01,gym
U008763,2025-10-01,streaming
U008764,2025-10-01,streaming
U008765,2025-10-01,none
U008766,2025-10-01,none
U008767,2025-10-01,streaming
U008768,2025-10-01,music
U008769,2025-10-01,none
U008770,2025-10-01,none
U008771,2025-10-01,mobile
U008772,2025-10-01,cloud
U008773,2025-10-01,music
U008774,2025-10-01,none
U008775,2025-10-01,mobile
U008776,2025-10-01,software
U008777,2025-10-01,none
U008778,2025-10-01,streaming
U008779,2025-10-01,music
U008780,2025-10-01,none
U008781,2025-10-01,none
U008782,2025-10-01,software
U008783,2025-10-01,none
U008784,2025-10-01,mobile
U008785,2025-10-01,none
U008786,2025-10-01,mobile
U008787,2025-10-01,software
U008788,2025-10-01,gym
U008789,2025-10-01,software
U008790,2025-10-01,software
U008791,2025-10-01,none
U008792,2025-10-01,none
U008793,2025-10-01,software
U008794,2025-10-01,none
U008795,2025-10-01,mobile
U008796,2025-10-01,cloud
U008797,2025-10-01,software
U008798,2025-10-01,none
U008799,2025-10-01,none
U008800,2025-10-01,cloud
U008801,2025-10-01,cloud
U008802,2025-10-01,software
U008803,2025-10-01,streaming
U008804,2025-10-01,insurance
U008805,2025-10-01,none
U008806,2025-10-01,none
U008807,2025-10-01,none
U008808,2025-10-01,insurance
U008809,2025-10-01,none
U008810,2025-10-01,none
U008811,2025-10-01,gym
U008812,2025-10-01,insurance
U008813,2025-10-01,none
U008814,2025-10-01,none
U008815,2025-10-01,none
U008816,2025-10-01,music
U008817,2025-10-01,software
U008818,2025-10-01,none
U008819,2025-10-01,streaming
U008820,2025-10-01,none
U008821,2025-10-01,cloud
U008822,2025-10-01,none
U008823,2025-10-01,insurance
U008824,2025-10-01,streaming
U008825,2025-10-01,gym
U008826,2025-10-01,mobile
U008827,2025-10-01,music
U008828,2025-10-01,none
U008829,2025-10-01,mobile
U008830,2025-10-01,none
U008831,2025-10-01,gym
U008832,2025-10-01,software
U008833,2025-10-01,insurance
U008834,2025-10-01,none
U008835,2025-10-01,mobile
U008836,2025-10-01,insurance
U008837,2025-10-01,none
U008838,2025-10-01,software
U008839,2025-10-01,none
U008840,2025-10-01,insurance
U008841,2025-10-01,gym
U008842,2025-10-01,software
U008843,2025-10-01,insurance
U008844,2025-10-01,insurance
U008845,2025-10-01,gym
U008846,2025-10-01,none
U008847,2025-10-01,insurance
U008848,2025-10-01,music
U008849,2025-10-01,insurance
U008850,2025-10-01,gym
U008851,2025-10-01,music
U008852,2025-10-01,insurance
U008853,2025-10-01,streaming
U008854,2025-10-01,gym
U008855,2025-10-01,none
U008856,2025-10-01,streaming
U008857,2025-10-01,insurance
U008858,2025-10-01,none
U008859,2025-10-01,none
U008860,2025-10-01,none
U008861,2025-10-01,music
U008862,2025-10-01,music
U008863,2025-10-01,mobile
U008864,2025-10-01,none
U008865,2025-10-01,music
U008866,2025-10-01,none
U008867,2025-10-01,mobile
U008868,2025-10-01,insurance
U008869,2025-10-01,none
U008870,2025-10-01,gym
U008871,2025-10-01,insurance
U008872,2025-10-01,none
U008873,2025-10-01,cloud
U008874,2025-10-01,none
U008875,2025-10-01,none
U008876,2025-10-01,gym
U008877,2025-10-01,none
U008878,2025-10-01,none
U008879,2025-10-01,cloud
U008880,2025-10-01,gym
U008881,2025-10-01,gym
U008882,2025-10-01,software
U008883,2025-10-01,gym
U008884,2025-10-01,music
U008885,2025-10-01,none
U008886,2025-10-01,none
U008887,2025-10-01,gym
U008888,2025-10-01,mobile
U008889,2025-10-01,software
U008890,2025-10-01,cloud
U008891,2025-10-01,none
U008892,2025-10-01,software
U008893,2025-10-01,none
U008894,2025-10-01,insurance
U008895,2025-10-01,none
U008896,2025-10-01,none
U008897,2025-10-01,none
U008898,2025-10-01,mobile
U008899,2025-10-01,gym
U008900,2025-10-01,streaming
U008901,2025-10-01,mobile
U008902,2025-10-01,none
U008903,2025-10-01,none
U008904,2025-10-01,none
U008905,2025-10-01,mobile
U008906,2025-10-01,mobile
U008907,2025-10-01,gym
U008908,2025-10-01,none
U008909,2025-10-01,music
U008910,2025-10-01,none
U008911,2025-10-01,none
U008912,2025-10-01,software
U008913,2025-10-01,gym
U008914,2025-10-01,none
U008915,2025-10-01,cloud
U008916,2025-10-01,none
U008917,2025-10-01,none
U008918,2025-10-01,software
U008919,2025-10-01,none
U008920,2025-10-01,none
U008921,2025-10-01,none
U008922,2025-10-01,none
U008923,2025-10-01,mobile
U008924,2025-10-01,gym
U008925,2025-10-01,cloud
U008926,2025-10-01,streaming
U008927,2025-10-01,mobile
U008928,2025-10-01,software
U008929,2025-10-01,software
U008930,2025-10-01,none
U008931,2025-10-01,mobile
U008932,2025-10-01,cloud
U008933,2025-10-01,none
U008934,2025-10-01,none
U008935,2025-10-01,none
U008936,2025-10-01,none
U008937,2025-10-01,gym
U008938,2025-10-01,cloud
U008939,2025-10-01,gym
U008940,2025-10-01,insurance
U008941,2025-10-01,none
U008942,2025-10-01,cloud
U008943,2025-10-01,none
U008944,2025-10-01,mobile
U008945,2025-10-01,streaming
U008946,2025-10-01,none
U008947,2025-10-01,music
U008948,2025-10-01,mobile
U008949,2025-10-01,none
U008950,2025-10-01,streaming
U008951,2025-10-01,software
U008952,2025-10-01,streaming
U008953,2025-10-01,mobile
U008954,2025-10-01,streaming
U008955,2025-10-01,streaming
U008956,2025-10-01,cloud
U008957,2025-10-01,streaming
U008958,2025-10-01,insurance
U008959,2025-10-01,none
U008960,2025-10-01,insurance
U008961,2025-10-01,music
U008962,2025-10-01,software
U008963,2025-10-01,none
U008964,2025-10-01,mobile
U008965,2025-10-01,cloud
U008966,2025-10-01,insurance
U008967,2025-10-01,mobile
U008968,2025-10-01,music
U008969,2025-10-01,none
U008970,2025-10-01,insurance
U008971,2025-10-01,cloud
U008972,2025-10-01,gym
U008973,2025-10-01,cloud
U008974,2025-10-01,music
U008975,2025-10-01,none
U008976,2025-10-01,mobile
U008977,2025-10-01,none
U008978,2025-10-01,software
U008979,2025-10-01,gym
U008980,2025-10-01,cloud
U008981,2025-10-01,none
U008982,2025-10-01,gym
U008983,2025-10-01,none
U008984,2025-10-01,mobile
U008985,2025-10-01,music
U008986,2025-10-01,none
U008987,2025-10-01,mobile
U008988,2025-10-01,none
U008989,2025-10-01,none
U008990,2025-10-01,software
U008991,2025-10-01,music
U008992,2025-10-01,none
U008993,2025-10-01,streaming
U008994,2025-10-01,mobile
U008995,2025-10-01,none
U008996,2025-10-01,none
U008997,2025-10-01,streaming
U008998,2025-10-01,streaming
U008999,2025-10-01,cloud
U009000,2025-10-01,insurance
U009001,2025-10-01,none
U009002,2025-10-01,mobile
U009003,2025-10-01,cloud
U009004,2025-10-01,none
U009005,2025-10-01,none
U009006,2025-10-01,none
U009007,2025-10-01,software
U009008,2025-10-01,none
U009009,2025-10-01,insurance
U009010,2025-10-01,software
U009011,2025-10-01,software
U009012,2025-10-01,none
U009013,2025-10-01,none
U009014,2025-10-01,gym
U009015,2025-10-01,music
U009016,2025-10-01,gym
U009017,2025-10-01,streaming
U009018,2025-10-01,none
U009019,2025-10-01,software
U009020,2025-10-01,none
U009021,2025-10-01,cloud
U009022,2025-10-01,cloud
U009023,2025-10-01,streaming
U009024,2025-10-01,none
U009025,2025-10-01,software
U009026,2025-10-01,none
U009027,2025-10-01,gym
U009028,2025-10-01,cloud
U009029,2025-10-01,cloud
U009030,2025-10-01,music
U009031,2025-10-01,insurance
U009032,2025-10-01,none
U009033,2025-10-01,music
U009034,2025-10-01,music
U009035,2025-10-01,mobile
U009036,2025-10-01,gym
U009037,2025-10-01,none
U009038,2025-10-01,none
U009039,2025-10-01,music
U009040,2025-10-01,none
U009041,2025-10-01,software
U009042,2025-10-01,mobile
U009043,2025-10-01,software
U009044,2025-10-01,insurance
U009045,2025-10-01,none
U009046,2025-10-01,insurance
U009047,2025-10-01,music
U009048,2025-10-01,music
U009049,2025-10-01,mobile
U009050,2025-10-01,streaming
U009051,2025-10-01,software
U009052,2025-10-01,none
U009053,2025-10-01,software
U009054,2025-10-01,none
U009055,2025-10-01,software
U009056,2025-10-01,cloud
U009057,2025-10-01,music
U009058,2025-10-01,none
U009059,2025-10-01,streaming
U009060,2025-10-01,music
U009061,2025-10-01,none
U009062,2025-10-01,gym
U009063,2025-10-01,music
U009064,2025-10-01,none
U009065,2025-10-01,music
U009066,2025-10-01,software
U009067,2025-10-01,gym
U009068,2025-10-01,streaming
U009069,2025-10-01,none
U009070,2025-10-01,none
U009071,2025-10-01,mobile
U009072,2025-10-01,none
U009073,2025-10-01,mobile
U009074,2025-10-01,music
U009075,2025-10-01,mobile
U009076,2025-10-01,cloud
U009077,2025-10-01,cloud
U009078,2025-10-01,insurance
U009079,2025-10-01,software
U009080,2025-10-01,none
U009081,2025-10-01,insurance
U009082,2025-10-01,none
U009083,2025-10-01,cloud
U009084,2025-10-01,none
U009085,2025-10-01,none
U009086,2025-10-01,none
U009087,2025-10-01,none
U009088,2025-10-01,software
U009089,2025-10-01,insurance
U009090,2025-10-01,gym
U009091,2025-10-01,none
U009092,2025-10-01,gym
U009093,2025-10-01,gym
U009094,2025-10-01,mobile
U009095,2025-10-01,none
U009096,2025-10-01,none
U009097,2025-10-01,software
U009098,2025-10-01,software
U009099,2025-10-01,mobile
U009100,2025-10-01,mobile
U009101,2025-10-01,cloud
U009102,2025-10-01,insurance
U009103,2025-10-01,none
U009104,2025-10-01,none
U009105,2025-10-01,none
U009106,2025-10-01,cloud
U009107,2025-10-01,music
U009108,2025-10-01,none
U009109,2025-10-01,mobile
U009110,2025-10-01,music
U009111,2025-10-01,insurance
U009112,2025-10-01,none
U009113,2025-10-01,none
U009114,2025-10-01,none
U009115,2025-10-01,cloud
U009116,2025-10-01,none
U009117,2025-10-01,music
U009118,2025-10-01,none
U009119,2025-10-01,none
U009120,2025-10-01,music
U009121,2025-10-01,music
U009122,2025-10-01,cloud
U009123,2025-10-01,gym
U009124,2025-10-01,none
U009125,2025-10-01,music
U009126,2025-10-01,gym
U009127,2025-10-01,none
U009128,2025-10-01,none
U009129,2025-10-01,software
U009130,2025-10-01,insurance
U009131,2025-10-01,streaming
U009132,2025-10-01,insurance
U009133,2025-10-01,mobile
U009134,2025-10-01,none
U009135,2025-10-01,software
U009136,2025-10-01,music
U009137,2025-10-01,software
U009138,2025-10-01,music
U009139,2025-10-01,none
U009140,2025-10-01,insurance
U009141,2025-10-01,insurance
U009142,2025-10-01,none
U009143,2025-10-01,none
U009144,2025-10-01,none
U009145,2025-10-01,music
U009146,2025-10-01,streaming
U009147,2025-10-01,none
U009148,2025-10-01,cloud
U009149,2025-10-01,gym
U009150,2025-10-01,none
U009151,2025-10-01,none
U009152,2025-10-01,music
U009153,2025-10-01,none
U009154,2025-10-01,cloud
U009155,2025-10-01,streaming
U009156,2025-10-01,none
U009157,2025-10-01,cloud
U009158,2025-10-01,none
U009159,2025-10-01,software
U009160,2025-10-01,none
U009161,2025-10-01,music
U009162,2025-10-01,none
U009163,2025-10-01,software
U009164,2025-10-01,none
U009165,2025-10-01,gym
U009166,2025-10-01,none
U009167,2025-10-01,none
U009168,2025-10-01,software
U009169,2025-10-01,gym
U009170,2025-10-01,none
U009171,2025-10-01,streaming
U009172,2025-10-01,none
U009173,2025-10-01,none
U009174,2025-10-01,streaming
U009175,2025-10-01,none
U009176,2025-10-01,none
U009177,2025-10-01,cloud
U009178,2025-10-01,streaming
U009179,2025-10-01,none
U009180,2025-10-01,cloud
U009181,2025-10-01,software
U009182,2025-10-01,streaming
U009183,2025-10-01,software
U009184,2025-10-01,gym
U009185,2025-10-01,gym
U009186,2025-10-01,streaming
U009187,2025-10-01,mobile
U009188,2025-10-01,music
U009189,2025-10-01,none
U009190,2025-10-01,none
U009191,2025-10-01,insurance
U009192,2025-10-01,music
U009193,2025-10-01,cloud
U009194,2025-10-01,software
U009195,2025-10-01,gym
U009196,2025-10-01,none
U009197,2025-10-01,mobile
U009198,2025-10-01,music
U009199,2025-10-01,none
U009200,2025-10-01,streaming
U009201,2025-10-01,music
U009202,2025-10-01,streaming
U009203,2025-10-01,none
U009204,2025-10-01,none
U009205,2025-10-01,software
U009206,2025-10-01,mobile
U009207,2025-10-01,gym
U009208,2025-10-01,gym
U009209,2025-10-01,gym
U009210,2025-10-01,mobile
U009211,2025-10-01,none
U009212,2025-10-01,gym
U009213,2025-10-01,insurance
U009214,2025-10-01,gym
U009215,2025-10-01,music
U009216,2025-10-01,music
U009217,2025-10-01,music
U009218,2025-10-01,none
U009219,2025-10-01,insurance
U009220,2025-10-01,gym
U009221,2025-10-01,cloud
U009222,2025-10-01,none
U009223,2025-10-01,none
U009224,2025-10-01,music
U009225,2025-10-01,software
U009226,2025-10-01,none
U009227,2025-10-01,insurance
U009228,2025-10-01,music
U009229,2025-10-01,mobile
U009230,2025-10-01,cloud
U009231,2025-10-01,none
U009232,2025-10-01,none
U009233,2025-10-01,mobile
U009234,2025-10-01,none
U009235,2025-10-01,none
U009236,2025-10-01,insurance
U009237,2025-10-01,music
U009238,2025-10-01,none
U009239,2025-10-01,none
U009240,2025-10-01,music
U009241,2025-10-01,streaming
U009242,2025-10-01,music
U009243,2025-10-01,insurance
U009244,2025-10-01,software
U009245,2025-10-01,none
U009246,2025-10-01,cloud
U009247,2025-10-01,cloud
U009248,2025-10-01,music
U009249,2025-10-01,none
U009250,2025-10-01,none
U009251,2025-10-01,none
U009252,2025-10-01,gym
U009253,2025-10-01,mobile
U009254,2025-10-01,none
U009255,2025-10-01,music
U009256,2025-10-01,none
U009257,2025-10-01,cloud
U009258,2025-10-01,none
U009259,2025-10-01,insurance
U009260,2025-10-01,music
U009261,2025-10-01,none
U009262,2025-10-01,gym
U009263,2025-10-01,none
U009264,2025-10-01,mobile
U009265,2025-10-01,none
U009266,2025-10-01,gym
U009267,2025-10-01,mobile
U009268,2025-10-01,none
U009269,2025-10-01,gym
U009270,2025-10-01,none
U009271,2025-10-01,streaming
U009272,2025-10-01,none
U009273,2025-10-01,streaming
U009274,2025-10-01,insurance
U009275,2025-10-01,mobile
U009276,2025-10-01,none
U009277,2025-10-01,none
U009278,2025-10-01,cloud
U009279,2025-10-01,music
U009280,2025-10-01,music
U009281,2025-10-01,none
U009282,2025-10-01,cloud
U009283,2025-10-01,none
U009284,2025-10-01,software
U009285,2025-10-01,streaming
U009286,2025-10-01,mobile
U009287,2025-10-01,none
U009288,2025-10-01,insurance
U009289,2025-10-01,none
U009290,2025-10-01,streaming
U009291,2025-10-01,none
U009292,2025-10-01,mobile
U009293,2025-10-01,none
U009294,2025-10-01,streaming
U009295,2025-10-01,music
U009296,2025-10-01,cloud
U009297,2025-10-01,streaming
U009298,2025-10-01,insurance
U009299,2025-10-01,mobile
U009300,2025-10-01,none
U009301,2025-10-01,music
U009302,2025-10-01,software
U009303,2025-10-01,streaming
U009304,2025-10-01,none
U009305,2025-10-01,none
U009306,2025-10-01,none
U009307,2025-10-01,cloud
U009308,2025-10-01,cloud
U009309,2025-10-01,insurance
U009310,2025-10-01,gym
U009311,2025-10-01,none
U009312,2025-10-01,streaming
U009313,2025-10-01,none
U009314,2025-10-01,software
U009315,2025-10-01,none
U009316,2025-10-01,none
U009317,2025-10-01,none
U009318,2025-10-01,software
U009319,2025-10-01,streaming
U009320,2025-10-01,gym
U009321,2025-10-01,mobile
U009322,2025-10-01,none
U009323,2025-10-01,none
U009324,2025-10-01,none
U009325,2025-10-01,none
U009326,2025-10-01,music
U009327,2025-10-01,music
U009328,2025-10-01,music
U009329,2025-10-01,software
U009330,2025-10-01,none
U009331,2025-10-01,gym
U009332,2025-10-01,cloud
U009333,2025-10-01,software
U009334,2025-10-01,streaming
U009335,2025-10-01,music
U009336,2025-10-01,music
U009337,2025-10-01,insurance
U009338,2025-10-01,none
U009339,2025-10-01,cloud
U009340,2025-10-01,none
U009341,2025-10-01,gym
U009342,2025-10-01,insurance
U009343,2025-10-01,cloud
U009344,2025-10-01,mobile
U009345,2025-10-01,streaming
U009346,2025-10-01,gym
U009347,2025-10-01,cloud
U009348,2025-10-01,none
U009349,2025-10-01,none
U009350,2025-10-01,none
U009351,2025-10-01,cloud
U009352,2025-10-01,none
U009353,2025-10-01,music
U009354,2025-10-01,none
U009355,2025-10-01,mobile
U009356,2025-10-01,software
U009357,2025-10-01,insurance
U009358,2025-10-01,none
U009359,2025-10-01,mobile
U009360,2025-10-01,software
U009361,2025-10-01,none
U009362,2025-10-01,insurance
U009363,2025-10-01,gym
U009364,2025-10-01,mobile
U009365,2025-10-01,none
U009366,2025-10-01,insurance
U009367,2025-10-01,mobile
U009368,2025-10-01,gym
U009369,2025-10-01,none
U009370,2025-10-01,insurance
U009371,2025-10-01,gym
U009372,2025-10-01,mobile
U009373,2025-10-01,streaming
U009374,2025-10-01,mobile
U009375,2025-10-01,none
U009376,2025-10-01,none
U009377,2025-10-01,music
U009378,2025-10-01,none
U009379,2025-10-01,none
U009380,2025-10-01,none
U009381,2025-10-01,software
U009382,2025-10-01,gym
U009383,2025-10-01,software
U009384,2025-10-01,software
U009385,2025-10-01,none
U009386,2025-10-01,mobile
U009387,2025-10-01,music
U009388,2025-10-01,none
U009389,2025-10-01,none
U009390,2025-10-01,gym
U009391,2025-10-01,mobile
U009392,2025-10-01,cloud
U009393,2025-10-01,streaming
U009394,2025-10-01,gym
U009395,2025-10-01,gym
U009396,2025-10-01,mobile
U009397,2025-10-01,mobile
U009398,2025-10-01,none
U009399,2025-10-01,streaming
U009400,2025-10-01,none
U009401,2025-10-01,none
U009402,2025-10-01,streaming
U009403,2025-10-01,streaming
U009404,2025-10-01,gym
U009405,2025-10-01,none
U009406,2025-10-01,insurance
U009407,2025-10-01,none
U009408,2025-10-01,none
U009409,2025-10-01,insurance
U009410,2025-10-01,insurance
U009411,2025-10-01,none
U009412,2025-10-01,none
U009413,2025-10-01,mobile
U009414,2025-10-01,gym
U009415,2025-10-01,none
U009416,2025-10-01,music
U009417,2025-10-01,software
U009418,2025-10-01,streaming
U009419,2025-10-01,none
U009420,2025-10-01,gym
U009421,2025-10-01,gym
U009422,2025-10-01,none
U009423,2025-10-01,none
U009424,2025-10-01,cloud
U009425,2025-10-01,cloud
U009426,2025-10-01,insurance
U009427,2025-10-01,none
U009428,2025-10-01,none
U009429,2025-10-01,none
U009430,2025-10-01,cloud
U009431,2025-10-01,mobile
U009432,2025-10-01,none
U009433,2025-10-01,software
U009434,2025-10-01,none
U009435,2025-10-01,insurance
U009436,2025-10-01,music
U009437,2025-10-01,none
U009438,2025-10-01,none
U009439,2025-10-01,none
U009440,2025-10-01,cloud
U009441,2025-10-01,software
U009442,2025-10-01,streaming
U009443,2025-10-01,insurance
U009444,2025-10-01,none
U009445,2025-10-01,cloud
U009446,2025-10-01,gym
U009447,2025-10-01,mobile
U009448,2025-10-01,music
U009449,2025-10-01,cloud
U009450,2025-10-01,gym
U009451,2025-10-01,mobile
U009452,2025-10-01,none
U009453,2025-10-01,insurance
U009454,2025-10-01,none
U009455,2025-10-01,none
U009456,2025-10-01,music
U009457,2025-10-01,music
U009458,2025-10-01,software
U009459,2025-10-01,insurance
U009460,2025-10-01,streaming
U009461,2025-10-01,cloud
U009462,2025-10-01,mobile
U009463,2025-10-01,insurance
U009464,2025-10-01,insurance
U009465,2025-10-01,none
U009466,2025-10-01,mobile
U009467,2025-10-01,none
U009468,2025-10-01,gym
U009469,2025-10-01,none
U009470,2025-10-01,none
U009471,2025-10-01,none
U009472,2025-10-01,none
U009473,2025-10-01,none
U009474,2025-10-01,streaming
U009475,2025-10-01,none
U009476,2025-10-01,insurance
U009477,2025-10-01,gym
U009478,2025-10-01,cloud
U009479,2025-10-01,software
U009480,2025-10-01,gym
U009481,2025-10-01,music
U009482,2025-10-01,software
U009483,2025-10-01,streaming
U009484,2025-10-01,none
U009485,2025-10-01,none
U009486,2025-10-01,cloud
U009487,2025-10-01,streaming
U009488,2025-10-01,none
U009489,2025-10-01,none
U009490,2025-10-01,mobile
U009491,2025-10-01,gym
U009492,2025-10-01,none
U009493,2025-10-01,streaming
U009494,2025-10-01,none
U009495,2025-10-01,none
U009496,2025-10-01,none
U009497,2025-10-01,none
U009498,2025-10-01,none
U009499,2025-10-01,none
U009500,2025-10-01,music
U009501,2025-10-01,music
U009502,2025-10-01,insurance
U009503,2025-10-01,none
U009504,2025-10-01,none
U009505,2025-10-01,cloud
U009506,2025-10-01,streaming
U009507,2025-10-01,none
U009508,2025-10-01,streaming
U009509,2025-10-01,cloud
U009510,2025-10-01,software
U009511,2025-10-01,software
U009512,2025-10-01,none
U009513,2025-10-01,mobile
U009514,2025-10-01,music
U009515,2025-10-01,software
U009516,2025-10-01,none
U009517,2025-10-01,mobile
U009518,2025-10-01,insurance
U009519,2025-10-01,streaming
U009520,2025-10-01,insurance
U009521,2025-10-01,mobile
U009522,2025-10-01,music
U009523,2025-10-01,none
U009524,2025-10-01,none
U009525,2025-10-01,cloud
U009526,2025-10-01,streaming
U009527,2025-10-01,none
U009528,2025-10-01,mobile
U009529,2025-10-01,music
U009530,2025-10-01,cloud
U009531,2025-10-01,cloud
U009532,2025-10-01,mobile
U009533,2025-10-01,cloud
U009534,2025-10-01,software
U009535,2025-10-01,gym
U009536,2025-10-01,software
U009537,2025-10-01,music
U009538,2025-10-01,insurance
U009539,2025-10-01,gym
U009540,2025-10-01,mobile
U009541,2025-10-01,software
U009542,2025-10-01,mobile
U009543,2025-10-01,none
U009544,2025-10-01,software
U009545,2025-10-01,software
U009546,2025-10-01,none
U009547,2025-10-01,none
U009548,2025-10-01,software
U009549,2025-10-01,streaming
U009550,2025-10-01,none
U009551,2025-10-01,none
U009552,2025-10-01,music
U009553,2025-10-01,streaming
U009554,2025-10-01,insurance
U009555,2025-10-01,mobile
U009556,2025-10-01,software
U009557,2025-10-01,music
U009558,2025-10-01,cloud
U009559,2025-10-01,none
U009560,2025-10-01,streaming
U009561,2025-10-01,none
U009562,2025-10-01,software
U009563,2025-10-01,insurance
U009564,2025-10-01,none
U009565,2025-10-01,none
U009566,2025-10-01,none
U009567,2025-10-01,none
U009568,2025-10-01,none
U009569,2025-10-01,cloud
U009570,2025-10-01,streaming
U009571,2025-10-01,none
U009572,2025-10-01,none
U009573,2025-10-01,insurance
U009574,2025-10-01,mobile
U009575,2025-10-01,insurance
U009576,2025-10-01,music
U009577,2025-10-01,none
U009578,2025-10-01,insurance
U009579,2025-10-01,none
U009580,2025-10-01,software
U009581,2025-10-01,cloud
U009582,2025-10-01,music
U009583,2025-10-01,none
U009584,2025-10-01,mobile
U009585,2025-10-01,gym
U009586,2025-10-01,none
U009587,2025-10-01,cloud
U009588,2025-10-01,gym
U009589,2025-10-01,none
U009590,2025-10-01,none
U009591,2025-10-01,streaming
U009592,2025-10-01,streaming
U009593,2025-10-01,music
U009594,2025-10-01,none
U009595,2025-10-01,mobile
U009596,2025-10-01,cloud
U009597,2025-10-01,none
U009598,2025-10-01,cloud
U009599,2025-10-01,gym
U009600,2025-10-01,none
U009601,2025-10-01,streaming
U009602,2025-10-01,insurance
U009603,2025-10-01,none
U009604,2025-10-01,streaming
U009605,2025-10-01,none
U009606,2025-10-01,music
U009607,2025-10-01,insurance
U009608,2025-10-01,music
U009609,2025-10-01,gym
U009610,2025-10-01,streaming
U009611,2025-10-01,none
U009612,2025-10-01,insurance
U009613,2025-10-01,none
U009614,2025-10-01,software
U009615,2025-10-01,none
U009616,2025-10-01,mobile
U009617,2025-10-01,insurance
U009618,2025-10-01,insurance
U009619,2025-10-01,streaming
U009620,2025-10-01,streaming
U009621,2025-10-01,streaming
U009622,2025-10-01,cloud
U009623,2025-10-01,none
U009624,2025-10-01,mobile
U009625,2025-10-01,none
U009626,2025-10-01,cloud
U009627,2025-10-01,gym
U009628,2025-10-01,cloud
U009629,2025-10-01,music
U009630,2025-10-01,streaming
U009631,2025-10-01,gym
U009632,2025-10-01,gym
U009633,2025-10-01,mobile
U009634,2025-10-01,software
U009635,2025-10-01,none
U009636,2025-10-01,mobile
U009637,2025-10-01,gym
U009638,2025-10-01,none
U009639,2025-10-01,software
U009640,2025-10-01,music
U009641,2025-10-01,none
U009642,2025-10-01,gym
U009643,2025-10-01,cloud
U009644,2025-10-01,none
U009645,2025-10-01,none
U009646,2025-10-01,gym
U009647,2025-10-01,none
U009648,2025-10-01,music
U009649,2025-10-01,gym
U009650,2025-10-01,mobile
U009651,2025-10-01,none
U009652,2025-10-01,streaming
U009653,2025-10-01,none
U009654,2025-10-01,none
U009655,2025-10-01,none
U009656,2025-10-01,none
U009657,2025-10-01,mobile
U009658,2025-10-01,streaming
U009659,2025-10-01,none
U009660,2025-10-01,none
U009661,2025-10-01,none
U009662,2025-10-01,none
U009663,2025-10-01,software
U009664,2025-10-01,none
U009665,2025-10-01,none
U009666,2025-10-01,music
U009667,2025-10-01,mobile
U009668,2025-10-01,none
U009669,2025-10-01,none
U009670,2025-10-01,none
U009671,2025-10-01,software
U009672,2025-10-01,none
U009673,2025-10-01,mobile
U009674,2025-10-01,mobile
U009675,2025-10-01,none
U009676,2025-10-01,none
U009677,2025-10-01,software
U009678,2025-10-01,none
U009679,2025-10-01,cloud
U009680,2025-10-01,music
U009681,2025-10-01,gym
U009682,2025-10-01,none
U009683,2025-10-01,none
U009684,2025-10-01,none
U009685,2025-10-01,music
U009686,2025-10-01,gym
U009687,2025-10-01,cloud
U009688,2025-10-01,mobile
U009689,2025-10-01,streaming
U009690,2025-10-01,cloud
U009691,2025-10-01,insurance
U009692,2025-10-01,none
U009693,2025-10-01,none
U009694,2025-10-01,streaming
U009695,2025-10-01,none
U009696,2025-10-01,none
U009697,2025-10-01,insurance
U009698,2025-10-01,software
U009699,2025-10-01,cloud
U009700,2025-10-01,music
U009701,2025-10-01,streaming
U009702,2025-10-01,music
U009703,2025-10-01,none
U009704,2025-10-01,software
U009705,2025-10-01,insurance
U009706,2025-10-01,gym
U009707,2025-10-01,software
U009708,2025-10-01,music
U009709,2025-10-01,insurance
U009710,2025-10-01,streaming
U009711,2025-10-01,none
U009712,2025-10-01,none
U009713,2025-10-01,mobile
U009714,2025-10-01,gym
U009715,2025-10-01,software
U009716,2025-10-01,software
U009717,2025-10-01,software
U009718,2025-10-01,none
U009719,2025-10-01,streaming
U009720,2025-10-01,insurance
U009721,2025-10-01,cloud
U009722,2025-10-01,none
U009723,2025-10-01,insurance
U009724,2025-10-01,gym
U009725,2025-10-01,cloud
U009726,2025-10-01,cloud
U009727,2025-10-01,software
U009728,2025-10-01,none
U009729,2025-10-01,insurance
U009730,2025-10-01,insurance
U009731,2025-10-01,software
U009732,2025-10-01,mobile
U009733,2025-10-01,none
U009734,2025-10-01,mobile
U009735,2025-10-01,none
U009736,2025-10-01,software
U009737,2025-10-01,none
U009738,2025-10-01,music
U009739,2025-10-01,insurance
U009740,2025-10-01,mobile
U009741,2025-10-01,none
U009742,2025-10-01,streaming
U009743,2025-10-01,insurance
U009744,2025-10-01,cloud
U009745,2025-10-01,none
U009746,2025-10-01,none
U009747,2025-10-01,software
U009748,2025-10-01,cloud
U009749,2025-10-01,software
U009750,2025-10-01,none
U009751,2025-10-01,streaming
U009752,2025-10-01,mobile
U009753,2025-10-01,software
U009754,2025-10-01,software
U009755,2025-10-01,none
U009756,2025-10-01,insurance
U009757,2025-10-01,gym
U009758,2025-10-01,none
U009759,2025-10-01,cloud
U009760,2025-10-01,streaming
U009761,2025-10-01,music
U009762,2025-10-01,none
U009763,2025-10-01,none
U009764,2025-10-01,none
U009765,2025-10-01,cloud
U009766,2025-10-01,none
U009767,2025-10-01,software
U009768,2025-10-01,streaming
U009769,2025-10-01,none
U009770,2025-10-01,cloud
U009771,2025-10-01,insurance
U009772,2025-10-01,mobile
U009773,2025-10-01,software
U009774,2025-10-01,streaming
U009775,2025-10-01,streaming
U009776,2025-10-01,streaming
U009777,2025-10-01,music
U009778,2025-10-01,none
U009779,2025-10-01,none
U009780,2025-10-01,streaming
U009781,2025-10-01,cloud
U009782,2025-10-01,cloud
U009783,2025-10-01,none
U009784,2025-10-01,software
U009785,2025-10-01,cloud
U009786,2025-10-01,mobile
U009787,2025-10-01,cloud
U009788,2025-10-01,software
U009789,2025-10-01,none
U009790,2025-10-01,none
U009791,2025-10-01,none
U009792,2025-10-01,gym
U009793,2025-10-01,none
U009794,2025-10-01,none
U009795,2025-10-01,none
U009796,2025-10-01,gym
U009797,2025-10-01,none
U009798,2025-10-01,software
U009799,2025-10-01,none
U009800,2025-10-01,software
U009801,2025-10-01,mobile
U009802,2025-10-01,streaming
U009803,2025-10-01,cloud
U009804,2025-10-01,mobile
U009805,2025-10-01,music
U009806,2025-10-01,none
U009807,2025-10-01,mobile
U009808,2025-10-01,mobile
U009809,2025-10-01,none
U009810,2025-10-01,gym
U009811,2025-10-01,software
U009812,2025-10-01,insurance
U009813,2025-10-01,gym
U009814,2025-10-01,none
U009815,2025-10-01,insurance
U009816,2025-10-01,none
U009817,2025-10-01,none
U009818,2025-10-01,none
U009819,2025-10-01,none
U009820,2025-10-01,none
U009821,2025-10-01,mobile
U009822,2025-10-01,none
U009823,2025-10-01,software
U009824,2025-10-01,music
U009825,2025-10-01,mobile
U009826,2025-10-01,cloud
U009827,2025-10-01,gym
U009828,2025-10-01,gym
U009829,2025-10-01,software
U009830,2025-10-01,insurance
U009831,2025-10-01,insurance
U009832,2025-10-01,none
U009833,2025-10-01,gym
U009834,2025-10-01,music
U009835,2025-10-01,insurance
U009836,2025-10-01,none
U009837,2025-10-01,none
U009838,2025-10-01,software
U009839,2025-10-01,none
U009840,2025-10-01,software
U009841,2025-10-01,music
U009842,2025-10-01,mobile
U009843,2025-10-01,none
U009844,2025-10-01,music
U009845,2025-10-01,none
U009846,2025-10-01,none
U009847,2025-10-01,mobile
U009848,2025-10-01,none
U009849,2025-10-01,streaming
U009850,2025-10-01,streaming
U009851,2025-10-01,gym
U009852,2025-10-01,insurance
U009853,2025-10-01,none
U009854,2025-10-01,none
U009855,2025-10-01,none
U009856,2025-10-01,none
U009857,2025-10-01,mobile
U009858,2025-10-01,insurance
U009859,2025-10-01,none
U009860,2025-10-01,software
U009861,2025-10-01,gym
U009862,2025-10-01,streaming
U009863,2025-10-01,none
U009864,2025-10-01,mobile
U009865,2025-10-01,streaming
U009866,2025-10-01,software
U009867,2025-10-01,streaming
U009868,2025-10-01,none
U009869,2025-10-01,gym
U009870,2025-10-01,insurance
U009871,2025-10-01,streaming
U009872,2025-10-01,cloud
U009873,2025-10-01,cloud
U009874,2025-10-01,streaming
U009875,2025-10-01,gym
U009876,2025-10-01,music
U009877,2025-10-01,none
U009878,2025-10-01,none
U009879,2025-10-01,music
U009880,2025-10-01,insurance
U009881,2025-10-01,gym
U009882,2025-10-01,streaming
U009883,2025-10-01,none
U009884,2025-10-01,software
U009885,2025-10-01,software
U009886,2025-10-01,none
U009887,2025-10-01,none
U009888,2025-10-01,mobile
U009889,2025-10-01,none
U009890,2025-10-01,none
U009891,2025-10-01,software
U009892,2025-10-01,none
U009893,2025-10-01,software
U009894,2025-10-01,cloud
U009895,2025-10-01,music
U009896,2025-10-01,none
U009897,2025-10-01,software
U009898,2025-10-01,software
U009899,2025-10-01,insurance
U009900,2025-10-01,none
U009901,2025-10-01,none
U009902,2025-10-01,insurance
U009903,2025-10-01,gym
U009904,2025-10-01,none
U009905,2025-10-01,streaming
U009906,2025-10-01,none
U009907,2025-10-01,mobile
U009908,2025-10-01,gym
U009909,2025-10-01,none
U009910,2025-10-01,streaming
U009911,2025-10-01,software
U009912,2025-10-01,insurance
U009913,2025-10-01,streaming
U009914,2025-10-01,cloud
U009915,2025-10-01,none
U009916,2025-10-01,mobile
U009917,2025-10-01,gym
U009918,2025-10-01,none
U009919,2025-10-01,cloud
U009920,2025-10-01,none
U009921,2025-10-01,none
U009922,2025-10-01,streaming
U009923,2025-10-01,mobile
U009924,2025-10-01,gym
U009925,2025-10-01,streaming
U009926,2025-10-01,music
U009927,2025-10-01,software
U009928,2025-10-01,streaming
U009929,2025-10-01,mobile
U009930,2025-10-01,cloud
U009931,2025-10-01,insurance
U009932,2025-10-01,insurance
U009933,2025-10-01,none
U009934,2025-10-01,none
U009935,2025-10-01,insurance
U009936,2025-10-01,music
U009937,2025-10-01,insurance
U009938,2025-10-01,none
U009939,2025-10-01,insurance
U009940,2025-10-01,none
U009941,2025-10-01,none
U009942,2025-10-01,mobile
U009943,2025-10-01,none
U009944,2025-10-01,software
U009945,2025-10-01,none
U009946,2025-10-01,software
U009947,2025-10-01,cloud
U009948,2025-10-01,none
U009949,2025-10-01,none
U009950,2025-10-01,mobile
U009951,2025-10-01,none
U009952,2025-10-01,none
U009953,2025-10-01,music
U009954,2025-10-01,none
U009955,2025-10-01,none
U009956,2025-10-01,music
U009957,2025-10-01,none
U009958,2025-10-01,none
U009959,2025-10-01,none
U009960,2025-10-01,streaming
U009961,2025-10-01,streaming
U009962,2025-10-01,software
U009963,2025-10-01,gym
U009964,2025-10-01,mobile
U009965,2025-10-01,software
U009966,2025-10-01,none
U009967,2025-10-01,cloud
U009968,2025-10-01,insurance
U009969,2025-10-01,insurance
U009970,2025-10-01,gym
U009971,2025-10-01,insurance
U009972,2025-10-01,none
U009973,2025-10-01,music
U009974,2025-10-01,streaming
U009975,2025-10-01,insurance
U009976,2025-10-01,insurance
U009977,2025-10-01,none
U009978,2025-10-01,none
U009979,2025-10-01,insurance
U009980,2025-10-01,none
U009981,2025-10-01,insurance
U009982,2025-10-01,streaming
U009983,2025-10-01,streaming
U009984,2025-10-01,mobile
U009985,2025-10-01,none
U009986,2025-10-01,music
U009987,2025-10-01,cloud
U009988,2025-10-01,mobile
U009989,2025-10-01,streaming
U009990,2025-10-01,streaming
U009991,2025-10-01,none
U009992,2025-10-01,none
U009993,2025-10-01,streaming
U009994,2025-10-01,music
U009995,2025-10-01,cloud
U009996,2025-10-01,insurance
U009997,2025-10-01,none
U009998,2025-10-01,software
U009999,2025-10-01,gym
